Type,Power Type,Category,Series,"FAMILY 
For Archive & one pager",Subheading,Position,Model Name,Description,Dimming,output power (Sorting),output Power(W),Output Current (Sorting),Output Current (A),Output Current,Output Voltage (Sorting),Output Voltage,safety,water proof level,Datasheet,Terminal,BOM Cost$,MOQ 10K Pcs,"EXWorks$ 
MOQ 10k",MOQ 5k Pcs,EXWorks$ MOQ 5k,MOQ 2k Pcs,EXWorks$ MOQ 2k,MOQ 1k Pcs,EXWorks$ MOQ 1k,MOQ 500 Pcs,EXWorks$ MOQ 500,Sample Price 1-10 pcs,EXWorks Price for Order 100-299pcs,EXWorks Price for Order 300-499pcs,Sample Price 1-10 pcs,DAP Price for Order 100-299pcs,DAP Price for Order 300-499pcs,case material,dimension(mm),Status,Responsible,Product Line,Programmable Responsible,Carton Size(mm),Net Weight(kg),Gross Weight(kg),Units/ Carton,"Pallet Size
(mm)",Pallet Weight(kg),Cartons/Pallet,Total Weight/ pallet
Indoor,Low Power,LED Drivers > Low Power LED Drivers,"Triac/ELV Dimming Constant Current LED Drivers
13~52W Current DIP Settable Series",13 to 52 Watts Current Selectable Series,Triac/ELV Dimming<br>Indoor Applications<br>14-52Vout<br>90-305Vac<br>UL Class 2,1,PLD013-1SCF503TS-325,Indoor CC driver，4-level W/ DIP switch,"Triac,ELV dimming ",13.65,13.65,0.25,"0.25/
0.275/
0.3/
0.325","250mA/
275mA/
300mA/
325mA",34,"34-42V/
34-42V/
34-42V/
34-42V",UL class 2,IP64,https://greenwattpower.com/wp-content/uploads/2020/01/01-Triac-ELV-Dimming-13-52W-DIP.pdf,wire,2.94,10000,  6.11 ,5000,  6.17 ,2000,  6.30 ,1000,  6.62 ,500,  6.93 ,  18.90 ,  9.01 ,  8.32 ,  16.63 ,  10.81 ,  9.98 ,Plastic,95*40*25,Mass Production,zhongqiyu@fsp-powerland.com,ALP,xiaoqingli@fsp-powerland.com,,,,,,,,
Indoor,Low Power,LED Drivers > Low Power LED Drivers,"Triac/ELV Dimming Constant Current LED Drivers
13~52W Current DIP Settable Series",13 to 52 Watts Current Selectable Series,Triac/ELV Dimming<br>Indoor Applications<br>14-52Vout<br>90-305Vac<br>UL Class 2,1,PLD020-1SCF503TS-500,Indoor CC driver，4-level W/ DIP switch,"Triac,ELV dimming ",21,21,0.35,"0.350/
0.4/
0.450/
0.5","350mA/
400mA/
450mA/
500mA",34,"34-42V/
34-42V/
34-42V/
34-42V",UL class 2,IP64,https://greenwattpower.com/wp-content/uploads/2020/01/01-Triac-ELV-Dimming-13-52W-DIP.pdf,wire,3.24,10000,  6.11 ,5000,  6.17 ,2000,  6.30 ,1000,  6.62 ,500,  6.93 ,  18.90 ,  9.01 ,  8.32 ,  16.63 ,  10.81 ,  9.98 ,Plastic,95*40*25,Mass Production,zhongqiyu@fsp-powerland.com,ALP,,,,,,,,,
Indoor,Low Power,LED Drivers > Low Power LED Drivers,"Triac/ELV Dimming Constant Current LED Drivers
13~52W Current DIP Settable Series",13 to 52 Watts Current Selectable Series,Triac/ELV Dimming<br>Indoor Applications<br>14-52Vout<br>90-305Vac<br>UL Class 2,1,PLD020-1SCF51TS-700,Indoor CC driver，4-level W/ DIP switch,"Triac,ELV dimming ",20,20,0.4,"0.4/
0.5/
0.6/
0.7","400mA/
500mA/
600mA/
700mA",22,"22-28V/
22-28V/
22-28V/
14-28V",UL class 2,IP64,https://greenwattpower.com/wp-content/uploads/2020/01/01-Triac-ELV-Dimming-13-52W-DIP.pdf,wire,3.24,10000,  6.11 ,5000,  6.17 ,2000,  6.30 ,1000,  6.62 ,500,  6.93 ,  18.90 ,  9.01 ,  8.32 ,  16.63 ,  10.81 ,  9.98 ,Plastic,95*40*25,Mass Production,zhongqiyu@fsp-powerland.com,ALP,,,,,,,,,
Indoor,Low Power,LED Drivers > Low Power LED Drivers,"Triac/ELV Dimming Constant Current LED Drivers
13~52W Current DIP Settable Series",13 to 52 Watts Current Selectable Series,Triac/ELV Dimming<br>Indoor Applications<br>14-52Vout<br>90-305Vac<br>UL Class 2,1,PLD036-1SCF521TS-900,Indoor CC driver，4-level W/ DIP switch,"Triac,ELV dimming ",36,36,0.6,"0.6/
0.7/ 
0.8/
0.9","600mA/
700mA/ 
800mA/
900mA",28,"28-52V/
28-50V/
28-48V/
28-40V",UL class 2,IP64,https://greenwattpower.com/wp-content/uploads/2020/01/01-Triac-ELV-Dimming-13-52W-DIP.pdf,wire,6.18,10000,  7.76 ,5000,  7.84 ,2000,  8.00 ,1000,  8.40 ,500,  8.80 ,  24.00 ,  11.44 ,  10.56 ,  21.12 ,  13.73 ,  12.67 ,Plastic,115*45*24.5,Mass Production,zhongqiyu@fsp-powerland.com,ALP,,,,,,,,,
Indoor,Low Power,LED Drivers > Low Power LED Drivers,"Triac/ELV Dimming Constant Current LED Drivers
13~52W Current DIP Settable Series",13 to 52 Watts Current Selectable Series,Triac/ELV Dimming<br>Indoor Applications<br>14-52Vout<br>90-305Vac<br>UL Class 2,1,PLD052-1SCF512TS-1300,Indoor CC driver，4-level W/ DIP switch,"Triac,ELV dimming ",52,52,0.1,"0.10/
0.11/
0.12/
0.13","1000mA/
1100mA/
1200mA/
1300mA",28,"28-52V/
28-48V/
28-42V/
28-40V",UL class 2,IP64,https://greenwattpower.com/wp-content/uploads/2020/01/01-Triac-ELV-Dimming-13-52W-DIP.pdf,wire,4.26,10000,  9.89 ,5000,  10.00 ,2000,  10.20 ,1000,  10.71 ,500,  11.22 ,  30.60 ,  14.59 ,  13.46 ,  26.93 ,  17.50 ,  16.16 ,Plastic,95*70*32,Mass Production,zhongqiyu@fsp-powerland.com,ALP,,,,,,,,,
,,,,,,,,,,,,,,,,,,,,,,,,,,,,,,,,,,,,,,,,,,,,,,,,,,,
Indoor,Low Power,LED Drivers > Low Power LED Drivers,"0-10V Dimming Constant Current LED Drivers
42~50W Current DIP Settable Series",42 Watts Current Selectable Series                                          ,0-10V Dimming<br>Indoor Applications<br>27-55Vout<br>90-305Vac<br>UL,1,PLD042-1SCF55AS-900,Indoor Constant Current,0-10V,42,42,0.60,"0.6/
0.7/
0.8/
0.9","600mA/
700mA/
800mA/
900mA",27,"27-55V/
27-55V/
27-50V/
27-46V",UL,IP64,https://greenwattpower.com/wp-content/uploads/2020/01/02-0-10V-Dimming-42-50-DIP.pdf,wire,3.97,10000,  10.86 ,5000,  10.98 ,2000,  11.20 ,1000,  11.76 ,500,  12.32 ,  33.60 ,  16.02 ,  14.78 ,  29.57 ,  19.22 ,  17.74 ,Plastic,95*70*32,Mass Production,zhongqiyu@fsp-powerland.com,ALP,,,,,,,,,
Indoor,Low Power,LED Drivers > Low Power LED Drivers,"0-10V Dimming Constant Current LED Drivers
42~50W Current DIP Settable Series",50 Watts Current Selectable Series                                          ,0-10V Dimming<br>Indoor Applications<br>16-40Vout<br>90-305Vac<br>UL,1,PLD050-1SCF55AS-2100,Indoor Constant Current,0-10V,50,50,0.105,"0.1050/
0.14/
0.1750/
0.21","1050mA/
1400mA/
1750mA/
2100mA",18,"18-40V/
18-36V/
16-28V
16-24V",UL,IP64,https://greenwattpower.com/wp-content/uploads/2020/01/02-0-10V-Dimming-42-50-DIP.pdf,wire,4.26,10000,  10.86 ,5000,  10.98 ,2000,  11.20 ,1000,  11.76 ,500,  12.32 ,  33.60 ,  16.02 ,  14.78 ,  29.57 ,  19.22 ,  17.74 ,Plastic,95*70*32,Mass Production,zhongqiyu@fsp-powerland.com,ALP,,,,,,,,,
Indoor,Low Power,LED Drivers > Low Power LED Drivers,"0-10V Dimming Constant Current LED Drivers
42~50W Current DIP Settable Series",50 Watts Current Selectable Series                                          ,0-10V Dimming<br>Indoor Applications<br>16-40Vout<br>90-305Vac<br>UL,1,PLD050-1SCF55AS-1200,Indoor Constant Current,0-10V,50,50,0.6,"0.6/
0.8/
0.10/
0.12","600mA/
800mA/
1000mA/
1200mA",25,"25-40V/
25-40V/
25-40V/
25-40V",UL,IP64,https://greenwattpower.com/wp-content/uploads/2020/01/02-0-10V-Dimming-42-50-DIP.pdf,wire,4.26,10000,  10.86 ,5000,  10.98 ,2000,  11.20 ,1000,  11.76 ,500,  12.32 ,  33.60 ,  16.02 ,  14.78 ,  29.57 ,  19.22 ,  17.74 ,Plastic,95*70*32,Mass Production,zhongqiyu@fsp-powerland.com,ALP,,,,,,,,,
,,,,,,,,,,,,,,,,,,,,,,,,,,,,,,,,,,,,,,,,,,,,,,,,,,,
Indoor,Low Power,LED Drivers > Low Power LED Drivers,"0-10V Dimming Constant Current LED Drivers
75W Super Slim Series",75 Watts Super Slim Constant Current Series,0-10V Dimming<br>Indoor Applications<br>27-54Vout<br>108-305Vac<br>UL class 2,1,PLD075-1TCF3A-2000,"Indoor CC smart driver，Programable, connector",0-10V,75,75,0.7,0.7-2,700-2000mA,27,27-54V,UL class 2,IP20,https://greenwattpower.com/wp-content/uploads/2020/01/03-Super-Slim.pdf,Connector,5.29,10000,  10.67 ,5000,  10.78 ,2000,  11.00 ,1000,  11.55 ,500,  12.10 ,  33.00 ,  15.73 ,  14.52 ,  29.04 ,  18.88 ,  17.42 ,Metal,428*31*26,1452PCS stocks,juanzhang@fsp-powerland.com,ALP,,,,,,,,,
,,,,,,,,,,,,,,,,,,,,,,,,,,,,,,,,,,,,,,,,,,,,,,,,,,,
Indoor,Low Power,LED Drivers > Low Power LED Drivers,"0-10V Dimming Constant Current LED Drivers
75~96W Series",75 Watts Constant Current Series,0-10V Dimming<br>Indoor Applications<br>20-40Vout<br>90-305Vac<br>UL class 2,1,PLD075-1TAF2A-40,Indoor Constant Current,0-10V,75,75,1.8,1.8,1.8A,20,20-40V,UL class 2,IP54,https://greenwattpower.com/wp-content/uploads/2020/01/04-10V-Dimming-75-96.pdf,wire,5.29,10000,  8.58 ,5000,  8.67 ,2000,  8.85 ,1000,  9.29 ,500,  9.74 ,  26.55 ,  12.66 ,  11.68 ,  23.36 ,  15.19 ,  14.02 ,Metal,213.5*43*30,Mass Production,xiaochencao@fsp-powerland.com,ALP,,,,,,,,,
Indoor,Low Power,LED Drivers > Low Power LED Drivers,"0-10V Dimming Constant Current LED Drivers
75~96W Series",80 Watts Constant Current Series,"0-10V Dimming<br>Indoor Applications<br>12-114Vout<br>90-305Vac<br>UL, UL class 2",1,PLD080-1TAF2A-24,Indoor Constant Current,0-10V,80,80,3.33,3.33,3.33A,12,12-24V,UL class 2,IP54,https://greenwattpower.com/wp-content/uploads/2020/01/04-10V-Dimming-75-96.pdf,wire,6.18,10000,  9.07 ,5000,  9.16 ,2000,  9.35 ,1000,  9.82 ,500,  10.29 ,  28.05 ,  13.37 ,  12.34 ,  24.68 ,  16.04 ,  14.81 ,Metal,213.5*43*30,Mass Production,xiaochencao@fsp-powerland.com,ALP,,,,,,,,,
Indoor,Low Power,LED Drivers > Low Power LED Drivers,"0-10V Dimming Constant Current LED Drivers
75~96W Series",80 Watts Constant Current Series,"0-10V Dimming<br>Indoor Applications<br>12-114Vout<br>90-305Vac<br>UL, UL class 2",1,PLD080-1TAF2A-40,Indoor Constant Current,0-10V,80,80,2,2,2.0A,20,20-40V,UL class 2,IP54,https://greenwattpower.com/wp-content/uploads/2020/01/04-10V-Dimming-75-96.pdf,wire,6.18,10000,  9.07 ,5000,  9.16 ,2000,  9.35 ,1000,  9.82 ,500,  10.29 ,  28.05 ,  13.37 ,  12.34 ,  24.68 ,  16.04 ,  14.81 ,Metal,213.5*43*30,Mass Production,xiaochencao@fsp-powerland.com,ALP,,,,,,,,,
Indoor,Low Power,LED Drivers > Low Power LED Drivers,"0-10V Dimming Constant Current LED Drivers
75~96W Series",80 Watts Constant Current Series,"0-10V Dimming<br>Indoor Applications<br>12-114Vout<br>90-305Vac<br>UL, UL class 2",1,PLD080-1TAF2A-57,Indoor Constant Current,0-10V,80,80,1.4,1.4,1.4A,28,28-57V,UL,IP54,https://greenwattpower.com/wp-content/uploads/2020/01/04-10V-Dimming-75-96.pdf,wire,6.18,10000,  9.07 ,5000,  9.16 ,2000,  9.35 ,1000,  9.82 ,500,  10.29 ,  28.05 ,  13.37 ,  12.34 ,  24.68 ,  16.04 ,  14.81 ,Metal,213.5*43*30,Mass Production,xiaochencao@fsp-powerland.com,ALP,,,,,,,,,
Indoor,Low Power,LED Drivers > Low Power LED Drivers,"0-10V Dimming Constant Current LED Drivers
75~96W Series",80 Watts Constant Current Series,"0-10V Dimming<br>Indoor Applications<br>12-114Vout<br>90-305Vac<br>UL, UL class 2",1,PLD080-1TAF2A-76,Indoor Constant Current,0-10V,80,80,1.05,1.05,1.05A,38,38-76V,UL ,IP54,https://greenwattpower.com/wp-content/uploads/2020/01/04-10V-Dimming-75-96.pdf,wire,6.18,10000,  9.07 ,5000,  9.16 ,2000,  9.35 ,1000,  9.82 ,500,  10.29 ,  28.05 ,  13.37 ,  12.34 ,  24.68 ,  16.04 ,  14.81 ,Metal,213.5*43*30,Mass Production,xiaochencao@fsp-powerland.com,ALP,,,,,,,,,
Indoor,Low Power,LED Drivers > Low Power LED Drivers,"0-10V Dimming Constant Current LED Drivers
75~96W Series",80 Watts Constant Current Series,"0-10V Dimming<br>Indoor Applications<br>12-114Vout<br>90-305Vac<br>UL, UL class 2",1,PLD080-1TAF2A-114,Indoor Constant Current,0-10V,80,80,0.7,0.7,0.7A,57,57-114V,UL ,IP54,https://greenwattpower.com/wp-content/uploads/2020/01/04-10V-Dimming-75-96.pdf,wire,6.18,10000,  9.07 ,5000,  9.16 ,2000,  9.35 ,1000,  9.82 ,500,  10.29 ,  28.05 ,  13.37 ,  12.34 ,  24.68 ,  16.04 ,  14.81 ,Metal,213.5*43*30,Mass Production,xiaochencao@fsp-powerland.com,ALP,,,,,,,,,
Indoor,Low Power,LED Drivers > Low Power LED Drivers,"0-10V Dimming Constant Current LED Drivers
75~96W Series",96 Watts Constant Current Series,0-10V Dimming<br>Indoor Applications<br>12-40Vout<br>90-305Vac<br>UL class 2,1,PLD096-1TAF2A-24,Indoor Constant Current,0-10V,96,96,4,4,4A,12,12-24V,UL class 2,IP54,https://greenwattpower.com/wp-content/uploads/2020/01/04-10V-Dimming-75-96.pdf,wire,7.35,10000,  10.04 ,5000,  10.14 ,2000,  10.35 ,1000,  10.87 ,500,  11.39 ,  31.05 ,  14.80 ,  13.66 ,  27.32 ,  17.76 ,  16.39 ,Metal,213.5*43*30,Mass Production,xiaochencao@fsp-powerland.com,ALP,,,,,,,,,
Indoor,Low Power,LED Drivers > Low Power LED Drivers,"0-10V Dimming Constant Current LED Drivers
75~96W Series",96 Watts Constant Current Series,0-10V Dimming<br>Indoor Applications<br>12-40Vout<br>90-305Vac<br>UL class 2,1,PLD096-1TAF2A-40,Indoor Constant Current,0-10V,96,96,2.4,2.4,2.4A,20,20-40V,UL class 2,IP64,https://greenwattpower.com/wp-content/uploads/2020/01/04-10V-Dimming-75-96.pdf,wire,7.35,10000,  10.04 ,5000,  10.14 ,2000,  10.35 ,1000,  10.87 ,500,  11.39 ,  31.05 ,  14.80 ,  13.66 ,  27.32 ,  17.76 ,  16.39 ,Metal,213.5*43*30,Mass Production,xiaochencao@fsp-powerland.com,ALP,,,,,,,,,
,,,,,,,,,,,,,,,,,,,,,,,,,,,,,,,,,,,,,,,,,,,,,,,,,,,
Indoor,Low Power,LED Drivers > Low Power LED Drivers,"All-in-One Dimming Constant Current LED Drivers
30~60W Programmable Series",30 Watts Digital Programing Series,"Multi Dimming Function (Deep Resolution)<br>Indoor Applications<br>20-50Vout<br>108-305Vac<br>UL, UL class 2",1,PLD030-1SCF691WA/C-700,Indoor CC smart driver，Programable,"0(0.1)-10V,PWM,Resistor, Clock",30,up to 30,0.25,"0.25/
0.275/
0.3/
0.325",350-700mA,20,20-50V,UL class 2,IP20,https://greenwattpower.com/wp-content/uploads/2020/01/05-All-in-one-30-60.pdf,wire,3.53,10000,  6.69 ,5000,  6.76 ,2000,  6.90 ,1000,  7.25 ,500,  7.59 ,  20.70 ,  9.87 ,  9.11 ,  18.22 ,  11.84 ,  10.93 ,Plastic,108*45*29.5,Mass Production,xiaochencao@fsp-powerland.com,ALP,,,,,,,,,
Indoor,Low Power,LED Drivers > Low Power LED Drivers,"All-in-One Dimming Constant Current LED Drivers
30~60W Programmable Series",30 Watts Digital Programing Series,"Multi Dimming Function (Deep Resolution)<br>Indoor Applications<br>20-50Vout<br>108-305Vac<br>UL, UL class 2",1,PLD030-1SCF691WB/D-700,Indoor CC smart driver，Programable,"0(0.1)-10V,PWM,Resistor, Clock",30,up to 30,0.35,0.350-0.7,350-700mA,20,20-50V,UL class 2,IP20,https://greenwattpower.com/wp-content/uploads/2020/01/05-All-in-one-30-60.pdf,wire,3.53,10000,  7.57 ,5000,  7.64 ,2000,  7.80 ,1000,  8.19 ,500,  8.58 ,  23.40 ,  11.15 ,  10.30 ,  20.59 ,  13.38 ,  12.36 ,Steel,136*46*31,Mass Production,xiaochencao@fsp-powerland.com,ALP,,,,,,,,,
Indoor,Low Power,LED Drivers > Low Power LED Drivers,"All-in-One Dimming Constant Current LED Drivers
30~60W Programmable Series",30 Watts Digital Programing Series,"Multi Dimming Function (Deep Resolution)<br>Indoor Applications<br>20-50Vout<br>108-305Vac<br>UL, UL class 2",1,PLD030-1SCF691WE-700,Indoor CC smart driver，Programable,"0(0.1)-10V,PWM,Resistor, Clock",30,up to 30,0.35,0.350-0.7,350-700mA,20,20-50V,UL,IP65,https://greenwattpower.com/wp-content/uploads/2020/01/05-All-in-one-30-60.pdf,cable,3.53,10000,  8.92 ,5000,  9.02 ,2000,  9.20 ,1000,  9.66 ,500,  10.12 ,  27.60 ,  13.16 ,  12.14 ,  24.29 ,  15.79 ,  14.57 ,Aluminum ,118*48*32,Mass Production,xiaochencao@fsp-powerland.com,ALP,,,,,,,,,
Indoor,Low Power,LED Drivers > Low Power LED Drivers,"All-in-One Dimming Constant Current LED Drivers
30~60W Programmable Series",42 Watts Digital Programing Series,"Multi Dimming Function (Deep Resolution)<br>Indoor Applications<br>20-50Vout<br>108-305Vac<br>UL, UL class 2",1,PLD042-1SCF691WA/C-1200,Indoor CC smart driver，Programable,"0(0.1)-10V,PWM,Resistor, Clock",42,up to 42,0.6,0.6-1.2,600-1200mA,20,20-50V,UL class 2,IP20,https://greenwattpower.com/wp-content/uploads/2020/01/05-All-in-one-30-60.pdf,wire,3.97,10000,  6.79 ,5000,  6.86 ,2000,  7.00 ,1000,  7.35 ,500,  7.70 ,  21.00 ,  10.01 ,  9.24 ,  18.48 ,  12.01 ,  11.09 ,Plastic,108*45*29.5,Mass Production,xiaochencao@fsp-powerland.com,ALP,,,,,,,,,
Indoor,Low Power,LED Drivers > Low Power LED Drivers,"All-in-One Dimming Constant Current LED Drivers
30~60W Programmable Series",42 Watts Digital Programing Series,"Multi Dimming Function (Deep Resolution)<br>Indoor Applications<br>20-50Vout<br>108-305Vac<br>UL, UL class 2",1,PLD042-1SCF691WB/D-1200,Indoor CC smart driver，Programable,"0(0.1)-10V,PWM,Resistor, Clock",42,up to 42,0.6,0.6-1.2,600-1200mA,20,20-50V,UL class 2,IP20,https://greenwattpower.com/wp-content/uploads/2020/01/05-All-in-one-30-60.pdf,wire,3.971,10000,  7.76 ,5000,  7.84 ,2000,  8.00 ,1000,  8.40 ,500,  8.80 ,  24.00 ,  11.44 ,  10.56 ,  21.12 ,  13.73 ,  12.67 ,Steel,136*46*31,Mass Production,xiaochencao@fsp-powerland.com,ALP,,,,,,,,,
Indoor,Low Power,LED Drivers > Low Power LED Drivers,"All-in-One Dimming Constant Current LED Drivers
30~60W Programmable Series",42 Watts Digital Programing Series,"Multi Dimming Function (Deep Resolution)<br>Indoor Applications<br>20-50Vout<br>108-305Vac<br>UL, UL class 2",1,PLD042-1SCF691WE-1200,Indoor CC smart driver，Programable,"0(0.1)-10V,PWM,Resistor, Clock",42,up to 42,0.6,0.6-1.2,600-1200mA,20,20-50V,UL,IP65,https://greenwattpower.com/wp-content/uploads/2020/01/05-All-in-one-30-60.pdf,cable,3.971,10000,  9.22 ,5000,  9.31 ,2000,  9.50 ,1000,  9.98 ,500,  10.45 ,  28.50 ,  13.59 ,  12.54 ,  25.08 ,  16.30 ,  15.05 ,Aluminum ,118*48*32,Mass Production,xiaochencao@fsp-powerland.com,ALP,,,,,,,,,
Indoor,Low Power,LED Drivers > Low Power LED Drivers,"All-in-One Dimming Constant Current LED Drivers
30~60W Programmable Series",50 Watts Digital Programming Series,"Multi Dimming Function (Deep Resolution)<br>Indoor Applications<br>20-50Vout<br>108-305Vac<br>UL, UL class 2",1,PLD050-1SCF692WA/C-1400,Indoor CC smart driver，Programable,"0(0.1)-10V,PWM,Resistor, Clock",50,up to 50,0.7,0.7-1.4,700-1400mA,20,20-50V,UL class 2,IP20,https://greenwattpower.com/wp-content/uploads/2020/01/05-All-in-one-30-60.pdf,wire,4.265,10000,  7.66 ,5000,  7.74 ,2000,  7.90 ,1000,  8.30 ,500,  8.69 ,  23.70 ,  11.30 ,  10.43 ,  20.86 ,  13.56 ,  12.51 ,Plastic,108*45*29.5,Mass Production,xiaochencao@fsp-powerland.com,ALP,,,,,,,,,
Indoor,Low Power,LED Drivers > Low Power LED Drivers,"All-in-One Dimming Constant Current LED Drivers
30~60W Programmable Series",50 Watts Digital Programing Series,"Multi Dimming Function (Deep Resolution)<br>Indoor Applications<br>20-50Vout<br>108-305Vac<br>UL, UL class 2",1,PLD050-1SCF692WB/D-1400,Indoor CC smart driver，Programable,"0(0.1)-10V,PWM,Resistor, Clock",50,up to 50,0.7,0.7-1.4,700-1400mA,20,20-50V,UL class 2,IP20,https://greenwattpower.com/wp-content/uploads/2020/01/05-All-in-one-30-60.pdf,wire,4.265,10000,  8.54 ,5000,  8.62 ,2000,  8.80 ,1000,  9.24 ,500,  9.68 ,  26.40 ,  12.58 ,  11.62 ,  23.23 ,  15.10 ,  13.94 ,Steel,136*46*31,Mass Production,xiaochencao@fsp-powerland.com,ALP,,,,,,,,,
Indoor,Low Power,LED Drivers > Low Power LED Drivers,"All-in-One Dimming Constant Current LED Drivers
30~60W Programmable Series",50 Watts Digital Programming Series,"Multi Dimming Function (Deep Resolution)<br>Indoor Applications<br>20-50Vout<br>108-305Vac<br>UL, UL class 2",1,PLD050-1SCF692WE-1400,Indoor CC smart driver，Programable,"0(0.1)-10V,PWM,Resistor, Clock",50,up to 50,0.7,0.7-1.4,700-1400mA,20,20-50V,UL,IP65,https://greenwattpower.com/wp-content/uploads/2020/01/05-All-in-one-30-60.pdf,cable,4.265,10000,  9.99 ,5000,  10.09 ,2000,  10.30 ,1000,  10.82 ,500,  11.33 ,  30.90 ,  14.73 ,  13.60 ,  27.19 ,  17.67 ,  16.32 ,Aluminum ,118*48*32,Mass Production,xiaochencao@fsp-powerland.com,ALP,,,,,,,,,
Indoor/Outdoor,Low Power,LED Drivers > Low Power LED Drivers,"All-in-One Dimming Constant Current LED Drivers
30~60W Programmable Series",60 Watts Digital Programing Series,Multi Dimming Function (Deep Resolution)<br>Indoor Applications<br>30-70Vout<br>108-305Vac<br>UL,1,PLD060-1SCF692WE-800,Indoor CC smart driver，Programable,"0(0.1)-10V,PWM,Resistor, Clock",60,up to 60,0.4,0.4-0.8,400-800mA,30,30-70V,UL ,IP65,https://greenwattpower.com/wp-content/uploads/2020/01/05-All-in-one-30-60.pdf,cable,4.706,10000,  10.19 ,5000,  10.29 ,2000,  10.50 ,1000,  11.03 ,500,  11.55 ,  31.50 ,  15.02 ,  13.86 ,  27.72 ,  18.02 ,  16.63 ,Aluminum ,118*48*32,Mass Production,xiaochencao@fsp-powerland.com,ALP,,,,,,,,,
,,,,,,,,,,,,,,,,,,,,,,,,,,,,,,,,,,,,,,,,,,,,,,,,,,,
Indoor,Low Power,LED Drivers > Low Power LED Drivers,"42/50W Programmable Constant Current LED Drivers
Flicker-Free “Pickle 2020” Series",42 Watts Flicker Free Digital Programing Series,"Wired Multi Dimming Function<br>Indoor Application<br>27-45Vout<br>108-305Vac<br>UL, UL class 2",1,PLD042-1SCF793-1250,"Indoor Constant Current,flicker-free,wired programmable， optional 12V auxiliary power, complying with UL2019 second edition","0(0.5)-10V,PWM,Resistor",42,42,0.6,0.6-1.25,600-1250mA,27,27-45V,"UL,UL class 2",IP20,https://greenwattpower.com/wp-content/uploads/2020/01/06-Pickle-2020-42-50.pdf,wire,  5.33 ,10000,  7.76 ,5000,  7.84 ,2000,  8.00 ,1000,  8.40 ,500,  8.80 ,  24.00 ,  11.44 ,  10.56 ,  21.12 ,  13.73 ,  12.67 ,Metal,160*30*26,Sample Availbale,mingxu@fsp-powerland,,,,,,,,,,
Indoor,Low Power,LED Drivers > Low Power LED Drivers,"42/50W Programmable Constant Current LED Drivers
Flicker-Free “Pickle 2020” Series",50 Watts Flicker Free Digital Programing Series,"Wired Multi Dimming Function<br>Indoor Application<br>27-45Vout<br>108-305Vac<br>UL, UL class 2",1,PLD050-1SCF793-1400,"Indoor Constant Current,flicker-free,wired programmable， optional 12V auxiliary power, complying with UL2019 second edition","0(0.5)-10V,PWM,Resistor",50,50,0.7,0.7-1.4,700-1400mA,27,27-45V,"UL,UL class 2",IP65,https://greenwattpower.com/wp-content/uploads/2020/01/06-Pickle-2020-42-50.pdf,wire,  6.00 ,10000,  8.73 ,5000,  8.82 ,2000,  9.00 ,1000,  9.45 ,500,  9.90 ,  27.00 ,  12.87 ,  11.88 ,  23.76 ,  15.44 ,  14.26 ,Metal,160*30*26,Sample Availbale,mingxu@fsp-powerland,,,,,,,,,,
,,,,,,,,,,,,,,,,,,,,,,,,,,,,,,,,,,,,,,,,,,,,,,,,,,,
Indoor,Low Power,LED Drivers > Low Power LED Drivers,"42/50W Programmable Constant Current LED Drivers
Flicker-Free “Pickle-Blue” Wireless Series",42 Watts Flicker Free Digital Programing Series,Wireless Bluetooth Dimming<br>Indoor Application<br>27-45Vout<br>108-305Vac<br>UL Class P(Q1 2020),1,PLD042-1SCF892PB-XXX,"Indoor Constant Current,flicker-free,wireless programmable ,  MESH BLT SIG5.0",wireless dimming,42,42,600,600-1050,600-1050A,27,27-45V,UL Class P(Q1 2020),IP20,https://greenwattpower.com/wp-content/uploads/2020/01/07-Pickle-Blue-42-50.pdf,wire,  5.27 ,10000,  7.66 ,5000,  7.74 ,2000,  7.90 ,1000,  8.30 ,500,  8.69 ,  23.70 ,  11.30 ,  10.43 ,  20.86 ,  13.56 ,  12.51 ,Metal,160*30*26,Sample Availbale,mingxu@fsp-powerland,,,,,,,,,,
Indoor,Low Power,LED Drivers > Low Power LED Drivers,"42/50W Programmable Constant Current LED Drivers
Flicker-Free “Pickle-Blue” Wireless Series",50 Watts Flicker Free Digital Programing Series,Wireless Bluetooth Dimming<br>Indoor Application<br>27-45Vout<br>108-305Vac<br>UL Class P(Q1 2020),1,PLD050-1SCF892PB-XXX,"Indoor Constant Current,flicker-free,wireless programmable,  MESH BLT SIG5.0",wireless dimming,50,50,700,700-1250,700-1250A,27,27-45V,UL Class P(Q1 2020),IP65,https://greenwattpower.com/wp-content/uploads/2020/01/07-Pickle-Blue-42-50.pdf,wire,  5.93 ,10000,  8.63 ,5000,  8.72 ,2000,  8.90 ,1000,  9.35 ,500,  9.79 ,  26.70 ,  12.73 ,  11.75 ,  23.50 ,  15.27 ,  14.10 ,Metal,160*30*26,Sample Availbale,mingxu@fsp-powerland,,,,,,,,,,
,,,,,,,,,,,,,,,,,,,,,,,,,,,,,,,,,,,,,,,,,,,,,,,,,,,
Indoor,Low Power,LED Drivers > Low Power LED Drivers,"42/50W Programmable Constant Current LED Drivers
Flicker-Free “Pickle-Plus” Series",42 Watts Flicker Free Plus Digital Programing Series                           ,Isolated Wired or Wireless Bluetooth Dimming<br>Indoor Application<br>27-45Vout<br>108-305Vac<br>UL Class P(Q1 2020),1,PLD042-1SCF992PB-XXX,"Indoor Constant Current,flicker-free,wireless programmable,  MESH BLT SIG5.0, PLUS isolated 0-10V dimming and 12V aux power complying with UL2019 second edition","0-10V,PWM,Resistor,Wireless Dimming",42,42,600,600-1250,600-1250A,27,27-45V,UL Class P    (Q1 2020),IP20,https://greenwattpower.com/wp-content/uploads/2020/01/08-Pickle-Plus-42-50.pdf,wire,  5.87 ,10000,  8.54 ,5000,  8.62 ,2000,  8.80 ,1000,  9.24 ,500,  9.68 ,  26.40 ,  12.58 ,  11.62 ,  23.23 ,  15.10 ,  13.94 ,Metal,160*30*26,Sample Availbale,mingxu@fsp-powerland,,,,,,,,,,
Indoor,Low Power,LED Drivers > Low Power LED Drivers,"42/50W Programmable Constant Current LED Drivers
Flicker-Free “Pickle-Plus” Series",50 Watts Flicker Free Plus Digital Programing Series,Isolated Wired or Wireless Bluetooth Dimming<br>Indoor Application<br>27-45Vout<br>108-305Vac<br>UL Class P(Q1 2020),1,PLD050-1SCF992PB-XXX,"Indoor Constant Current,flicker-free,wireless programmable,  MESH BLT SIG5.0, PLUS isolated 0-10V dimming and 12V aux power complying with UL2019 second edition","0-10V,PWM,Resistor,Wireless Dimming",50,50,700,700-1400,700-1400A,27,27-45V,UL Class P      (Q1 2020),IP65,https://greenwattpower.com/wp-content/uploads/2020/01/08-Pickle-Plus-42-50.pdf,wire,  6.53 ,10000,  9.51 ,5000,  9.60 ,2000,  9.80 ,1000,  10.29 ,500,  10.78 ,  29.40 ,  14.01 ,  12.94 ,  25.87 ,  16.82 ,  15.52 ,Metal,160*30*26,Sample Availbale,mingxu@fsp-powerland,,,,,,,,,,
,,,,,,,,,,,,,,,,,,,,,,,,,,,,,,,,,,,,,,,,,,,,,,,,,,,
Indoor,Low Power,LED Drivers > Low Power LED Drivers,"42/50W Programmable Dual-channel Constant Current LED Drivers
Flicker-Free “Pickle-Mate” Series",42 Watts Dual Channels Flicker Free Plus Digital Programming Series                           ,Isolated Wired or Wireless Bluetooth Dimming<br>Indoor Application<br>27-45Vout<br>108-305Vac<br>UL class P(Q1 2020),1,PLD042-2SCF992-1250A,"Indoor Constant Current,Complimentary dual outputs,flicker-free,wireless programmable,wireless color temperature programming and adjusting,  MESH BLT SIG5.0, PLUS isolated 0-10V dimming and 12V aux power complying with UL2019 second edition","0-10V,PWM,Resistor,Wireless Dimming",42,42,0,"0~1.25
+
1.25~0","0~1.25A
+
1.25~0A",,27~45V,UL class P(Q1 2020),IP20,https://greenwattpower.com/wp-content/uploads/2020/01/09-Pickle-Mate-42-50.pdf,wire,  8.60 ,10000,  12.51 ,5000,  12.64 ,2000,  12.90 ,1000,  13.55 ,500,  14.19 ,  38.70 ,  18.45 ,  17.03 ,  34.06 ,  22.14 ,  20.43 ,Metal,160*30*26,Sample Availbale,mingxu@fsp-powerland,,,,,,,,,,
Indoor,Low Power,LED Drivers > Low Power LED Drivers,"42/50W Programmable Dual-channel Constant Current LED Drivers
Flicker-Free “Pickle-Mate” Series",50 Watts Dual Channel Flicker Free Plus Digital Programing Series,Isolated Wired or Wireless Bluetooth Dimming<br>Indoor Application<br>27-45Vout<br>108-305Vac<br>UL Class P(Q1 2020),1,PLD050-2SCF992-1400A,"Indoor Constant Current,Complimentary dual outputs,flicker-free,wireless programmable,wireless color temperature programming and adjusting,  MESH BLT SIG5.0, PLUS isolated 0-10V dimming and 12V aux power complying with UL2019 second edition","0-10V,PWM,Resistor,Wireless Dimming",50,50,0,"0~1.4
+
1.4~0","0~1.4A
+
1.4~0A",,27~45V,UL Class P(Q1 2020),IP65 ,https://greenwattpower.com/wp-content/uploads/2020/01/09-Pickle-Mate-42-50.pdf,wire,  9.27 ,10000,  13.48 ,5000,  13.62 ,2000,  13.90 ,1000,  14.60 ,500,  15.29 ,  41.70 ,  19.88 ,  18.35 ,  36.70 ,  23.85 ,  22.02 ,Metal,160*30*26,Sample Availbale,mingxu@fsp-powerland,,,,,,,,,,
,,,,,,,,,,,,,,,,,,,,,,,,,,,,,,,,,,,,,,,,,,,,,,,,,,,
Outdoor,Mid Power,LED Drivers > Mid Power LED Drivers,"All-in-One Dimming Outdoor LED Drivers
120W Programmable Series",120 Watts Digital Programing Series,Multi Dimming Function (Ultra Deep Resolution with DMX Option)<br>Indoor/Outdoor Applications<br>12-170Vout<br>90-305Vac<br>UL,2,PLD120-SMR-24(Z/B/E),outdoor Constant Current，programmable,"0-10V,PWM,Reset,DMX (upon request) ultra-deep dimming",120,120,5,5,up to 5A,12,12-30V,UL ,IP67,https://greenwattpower.com/wp-content/uploads/2020/01/10-Programmable-120.pdf,cable,13.89,10000,  17.46 ,5000,  17.64 ,2000,  18.00 ,1000,  18.90 ,500,  19.80 ,  54.00 ,  25.74 ,  23.76 ,  47.52 ,  30.89 ,  28.51 , Metal , 227*49*40.5 , Mass Production , xiaochencao@fsp-powerland.com , ALP ,,,,,,,,,
Outdoor,Mid Power,LED Drivers > Mid Power LED Drivers,"All-in-One Dimming Outdoor LED Drivers
120W Programmable Series",120 Watts Digital Programing Series,Multi Dimming Function (Ultra Deep Resolution with DMX Option)<br>Indoor/Outdoor Applications<br>12-170Vout<br>90-305Vac<br>UL,2,PLD120-SMR-36(Z/B/E),outdoor Constant Current，programmable,"0-10V,PWM,Reset,DMX (upon request) ultra-deep dimming",120,120,3.3,3.3,up to 3.3A,23,23-45V,UL,IP67,https://greenwattpower.com/wp-content/uploads/2020/01/10-Programmable-120.pdf,cable,13.89,10000,  17.46 ,5000,  17.64 ,2000,  18.00 ,1000,  18.90 ,500,  19.80 ,  54.00 ,  25.74 ,  23.76 ,  47.52 ,  30.89 ,  28.51 , Metal , 227*49*40.5 , Mass Production , xiaochencao@fsp-powerland.com , ALP ,,,,,,,,,
Outdoor,Mid Power,LED Drivers > Mid Power LED Drivers,"All-in-One Dimming Outdoor LED Drivers
120W Programmable Series",120 Watts Digital Programing Series,Multi Dimming Function (Ultra Deep Resolution with DMX Option)<br>Indoor/Outdoor Applications<br>12-170Vout<br>90-305Vac<br>UL,2,PLD120-SMR-48(Z/B/E),outdoor Constant Current，programmable,"0-10V,PWM,Reset,DMX (upon request) ultra-deep dimming",120,120,2.5,2.5,up to 2.5A,29,29-58.8V,UL,IP67,https://greenwattpower.com/wp-content/uploads/2020/01/10-Programmable-120.pdf,cable,13.89,10000,  17.46 ,5000,  17.64 ,2000,  18.00 ,1000,  18.90 ,500,  19.80 ,  54.00 ,  25.74 ,  23.76 ,  47.52 ,  30.89 ,  28.51 , Metal , 227*49*40.5 , Mass Production , xiaochencao@fsp-powerland.com , ALP ,,,,,,,,,
Outdoor,Mid Power,LED Drivers > Mid Power LED Drivers,"All-in-One Dimming Outdoor LED Drivers
120W Programmable Series",120 Watts Digital Programing Series,Multi Dimming Function (Ultra Deep Resolution with DMX Option)<br>Indoor/Outdoor Applications<br>12-170Vout<br>90-305Vac<br>UL,2,PLD120-SMR-86(Z/B/E),outdoor Constant Current，programmable,"0-10V,PWM,Reset,DMX (upon request) ultra-deep dimming",120,120,1.68,1.68,up to 1.68A,35,35-86V,UL,IP67,https://greenwattpower.com/wp-content/uploads/2020/01/10-Programmable-120.pdf,cable,13.89,10000,  17.46 ,5000,  17.64 ,2000,  18.00 ,1000,  18.90 ,500,  19.80 ,  54.00 ,  25.74 ,  23.76 ,  47.52 ,  30.89 ,  28.51 , Metal , 227*49*40.5 , Mass Production , xiaochencao@fsp-powerland.com , ALP ,,,,,,,,,
Outdoor,Mid Power,LED Drivers > Mid Power LED Drivers,"All-in-One Dimming Outdoor LED Drivers
120W Programmable Series",120 Watts Digital Programing Series,Multi Dimming Function (Ultra Deep Resolution with DMX Option)<br>Indoor/Outdoor Applications<br>12-170Vout<br>90-305Vac<br>UL,2,PLD120-SMR-114(Z/B/E),outdoor Constant Current，programmable,"0-10V,PWM,Reset,DMX (upon request) ultra-deep dimming",120,120,1.26,1.26,up to 1.26A,47,47-114V,UL,IP67,https://greenwattpower.com/wp-content/uploads/2020/01/10-Programmable-120.pdf,cable,13.97,10000,  17.46 ,5000,  17.64 ,2000,  18.00 ,1000,  18.90 ,500,  19.80 ,  54.00 ,  25.74 ,  23.76 ,  47.52 ,  30.89 ,  28.51 , Metal , 227*49*40.5 , Mass Production , xiaochencao@fsp-powerland.com , ALP ,,,,,,,,,
Outdoor,Mid Power,LED Drivers > Mid Power LED Drivers,"All-in-One Dimming Outdoor LED Drivers
120W Programmable Series",120 Watts Digital Programing Series,Multi Dimming Function (Ultra Deep Resolution with DMX Option)<br>Indoor/Outdoor Applications<br>12-170Vout<br>90-305Vac<br>UL,2,PLD120-SMR-170(Z/B/E),outdoor Constant Current，programmable,"0-10V,PWM,Reset,DMX (upon request) ultra-deep dimming",120,120,0.84,0.84,up to 0.84A,72,72-170V,UL,IP67,https://greenwattpower.com/wp-content/uploads/2020/01/10-Programmable-120.pdf,cable,14.03,10000,  17.46 ,5000,  17.64 ,2000,  18.00 ,1000,  18.90 ,500,  19.80 ,  54.00 ,  25.74 ,  23.76 ,  47.52 ,  30.89 ,  28.51 , Metal , 227*49*40.5 , Mass Production , xiaochencao@fsp-powerland.com , ALP ,,,,,,,,,
,,,,,,,,,,,,,,,,,,,,,,,,,,,,,,,,,,,,,,,,,,,,,,,,,,,
Outdoor,Mid Power,LED Drivers > Mid Power LED Drivers,"All-in-One Dimming Outdoor LED Drivers
150W Programmable Series",150 Watts Digital Programing Series,Multi Dimming Function (Ultra Deep Resolution with DMX Option)<br>Indoor/Outdoor Applications<br>16-285Vout<br>90-305Vac<br>UL,2,PLD150-SMT-24(Z/B/E),outdoor Constant Current，programmable,"0-10V,PWM,Reset,DMX (upon request) ultra-deep dimming",150,150,7.5,7.5,up to 7.5A,16,16-24V,UL,IP67,https://greenwattpower.com/wp-content/uploads/2020/01/11-Programmable-150.pdf,cable,22.06/24.26/24.26,10000,  22.31 ,5000,  22.54 ,2000,  23.00 ,1000,  24.15 ,500,  25.30 ,  69.00 ,  32.89 ,  30.36 ,  60.72 ,  39.47 ,  36.43 , Metal , 200*68*42.5 , Mass Production , zhongqiyu@fsp-powerland.com , ALP ,,,,,,,,,
Outdoor,Mid Power,LED Drivers > Mid Power LED Drivers,"All-in-One Dimming Outdoor LED Drivers
150W Programmable Series",150 Watts Digital Programing Series,Multi Dimming Function (Ultra Deep Resolution with DMX Option)<br>Indoor/Outdoor Applications<br>16-285Vout<br>90-305Vac<br>UL,2,PLD150-SMT-36(Z/B/E),outdoor Constant Current，programmable,"0-10V,PWM,Reset,DMX (upon request) ultra-deep dimming",150,150,5,5,up to 5A,24,24-36V,UL,IP67,https://greenwattpower.com/wp-content/uploads/2020/01/11-Programmable-150.pdf,cable,22.06/24.26/24.26,10000,  22.31 ,5000,  22.54 ,2000,  23.00 ,1000,  24.15 ,500,  25.30 ,  69.00 ,  32.89 ,  30.36 ,  60.72 ,  39.47 ,  36.43 , Metal , 200*68*42.5 , Mass Production , zhongqiyu@fsp-powerland.com , ALP ,,,,,,,,,
Outdoor,Mid Power,LED Drivers > Mid Power LED Drivers,"All-in-One Dimming Outdoor LED Drivers
150W Programmable Series",150 Watts Digital Programing Series,Multi Dimming Function (Ultra Deep Resolution with DMX Option)<br>Indoor/Outdoor Applications<br>16-285Vout<br>90-305Vac<br>UL,2,PLD150-SMT-42(Z/B/E),outdoor Constant Current，programmable,"0-10V,PWM,Reset,DMX (upon request) ultra-deep dimming",150,150,4.3,4.3,up to 4.3A,28,28-42V,UL,IP67,https://greenwattpower.com/wp-content/uploads/2020/01/11-Programmable-150.pdf,cable,22.06/24.26/24.26,10000,  22.31 ,5000,  22.54 ,2000,  23.00 ,1000,  24.15 ,500,  25.30 ,  69.00 ,  32.89 ,  30.36 ,  60.72 ,  39.47 ,  36.43 , Metal , 200*68*42.5 , Mass Production , zhongqiyu@fsp-powerland.com , ALP ,,,,,,,,,
Outdoor,Mid Power,LED Drivers > Mid Power LED Drivers,"All-in-One Dimming Outdoor LED Drivers
150W Programmable Series",150 Watts Digital Programing Series,Multi Dimming Function (Ultra Deep Resolution with DMX Option)<br>Indoor/Outdoor Applications<br>16-285Vout<br>90-305Vac<br>UL,2,PLD150-SMT-48(Z/B/E),outdoor Constant Current，programmable,"0-10V,PWM,Reset,DMX (upon request) ultra-deep dimming",150,150,3.75,3.75,up to 3.75A,32,32-48V,UL,IP67,https://greenwattpower.com/wp-content/uploads/2020/01/11-Programmable-150.pdf,cable,22.06/24.26/24.26,10000,  22.31 ,5000,  22.54 ,2000,  23.00 ,1000,  24.15 ,500,  25.30 ,  69.00 ,  32.89 ,  30.36 ,  60.72 ,  39.47 ,  36.43 , Metal , 200*68*42.5 , Mass Production , zhongqiyu@fsp-powerland.com , ALP ,,,,,,,,,
Outdoor,Mid Power,LED Drivers > Mid Power LED Drivers,"All-in-One Dimming Outdoor LED Drivers
150W Programmable Series",150 Watts Digital Programing Series,Multi Dimming Function (Ultra Deep Resolution with DMX Option)<br>Indoor/Outdoor Applications<br>16-285Vout<br>90-305Vac<br>UL,2,PLD150-SMT-58(Z/B/E),outdoor Constant Current，programmable,"0-10V,PWM,Reset,DMX (upon request) ultra-deep dimming",150,150,2.6,2.6,up to 2.6A,29,29-58V,UL,IP67,https://greenwattpower.com/wp-content/uploads/2020/01/11-Programmable-150.pdf,cable,22.06/24.26/24.26,10000,  22.31 ,5000,  22.54 ,2000,  23.00 ,1000,  24.15 ,500,  25.30 ,  69.00 ,  32.89 ,  30.36 ,  60.72 ,  39.47 ,  36.43 , Metal , 230*68*42.5 , Mass Production , zhongqiyu@fsp-powerland.com , ALP ,,,,,,,,,
Outdoor,Mid Power,LED Drivers > Mid Power LED Drivers,"All-in-One Dimming Outdoor LED Drivers
150W Programmable Series",150 Watts Digital Programing Series,Multi Dimming Function (Ultra Deep Resolution with DMX Option)<br>Indoor/Outdoor Applications<br>16-285Vout<br>90-305Vac<br>UL,2,PLD150-SMT-95(Z/B/E),outdoor Constant Current，programmable,"0-10V,PWM,Reset,DMX (upon request) ultra-deep dimming",150,150,1.89,1.89,up to 1.89A,47,47-95V,UL,IP67,https://greenwattpower.com/wp-content/uploads/2020/01/11-Programmable-150.pdf,cable,22.06/24.26/24.26,10000,  22.31 ,5000,  22.54 ,2000,  23.00 ,1000,  24.15 ,500,  25.30 ,  69.00 ,  32.89 ,  30.36 ,  60.72 ,  39.47 ,  36.43 , Metal , 230*68*42.5 , Mass Production , zhongqiyu@fsp-powerland.com , ALP ,,,,,,,,,
Outdoor,Mid Power,LED Drivers > Mid Power LED Drivers,"All-in-One Dimming Outdoor LED Drivers
150W Programmable Series",150 Watts Digital Programing Series,Multi Dimming Function (Ultra Deep Resolution with DMX Option)<br>Indoor/Outdoor Applications<br>16-285Vout<br>90-305Vac<br>UL,2,PLD150-SMT-142(Z/B/E),outdoor Constant Current，programmable,"0-10V,PWM,Reset,DMX (upon request) ultra-deep dimming",150,150,1.26,1.26,up to 1.26A,71,71-142V,UL,IP67,https://greenwattpower.com/wp-content/uploads/2020/01/11-Programmable-150.pdf,cable,22.06/24.26/24.26,10000,  22.31 ,5000,  22.54 ,2000,  23.00 ,1000,  24.15 ,500,  25.30 ,  69.00 ,  32.89 ,  30.36 ,  60.72 ,  39.47 ,  36.43 , Metal , 230*68*42.5 , Mass Production , zhongqiyu@fsp-powerland.com , ALP ,,,,,,,,,
Outdoor,Mid Power,LED Drivers > Mid Power LED Drivers,"All-in-One Dimming Outdoor LED Drivers
150W Programmable Series",150 Watts Digital Programing Series,Multi Dimming Function (Ultra Deep Resolution with DMX Option)<br>Indoor/Outdoor Applications<br>16-285Vout<br>90-305Vac<br>UL,2,PLD150-SMT-190(Z/B/E),outdoor Constant Current，programmable,"0-10V,PWM,Reset,DMX (upon request) ultra-deep dimming",150,150,0.95,0.95,up to 0.95A,95,95-190V,UL,IP67,https://greenwattpower.com/wp-content/uploads/2020/01/11-Programmable-150.pdf,cable,22.06/24.26/24.26,10000,  22.31 ,5000,  22.54 ,2000,  23.00 ,1000,  24.15 ,500,  25.30 ,  69.00 ,  32.89 ,  30.36 ,  60.72 ,  39.47 ,  36.43 , Metal , 230*68*42.5 , Mass Production , zhongqiyu@fsp-powerland.com , ALP ,,,,,,,,,
Outdoor,Mid Power,LED Drivers > Mid Power LED Drivers,"All-in-One Dimming Outdoor LED Drivers
150W Programmable Series",150 Watts Digital Programing Series,Multi Dimming Function (Ultra Deep Resolution with DMX Option)<br>Indoor/Outdoor Applications<br>16-285Vout<br>90-305Vac<br>UL,2,PLD150-SMT-285(Z/B/E),outdoor Constant Current，programmable,"0-10V,PWM,Reset,DMX (upon request) ultra-deep dimming",150,150,0.63,0.63,up to 0.63A,142,142-285V,UL,IP67,https://greenwattpower.com/wp-content/uploads/2020/01/11-Programmable-150.pdf,cable,22.06/24.26/24.26,10000,  22.31 ,5000,  22.54 ,2000,  23.00 ,1000,  24.15 ,500,  25.30 ,  69.00 ,  32.89 ,  30.36 ,  60.72 ,  39.47 ,  36.43 , Metal , 230*68*42.5 , Mass Production , zhongqiyu@fsp-powerland.com , ALP ,,,,,,,,,
,,,,,,,,,,,,,,,,,,,,,,,,,,,,,,,,,,,,,,,,,,,,,,,,,,,
Outdoor,Mid Power,LED Drivers > Mid Power LED Drivers,"All-in-One Dimming Outdoor LED Drivers
200W Programmable Series",200 Watts Digital Programing Series,Multi Dimming Function (Ultra Deep Resolution with DMX Option)<br>Indoor/Outdoor Applications<br>16-285Vout<br>90-305Vac<br>UL,2,PLD200-SMT-24(Z/B/E),outdoor Constant Current，programmable,"0-10V,PWM,Reset,DMX (upon request) ultra-deep dimming",200,200,10,10,up to 10A,16,16-24V,UL,IP67,https://greenwattpower.com/wp-content/uploads/2020/01/12-Programmable-200.pdf,cable,26.47/28.68/28.68,10000,  27.16 ,5000,  27.44 ,2000,  28.00 ,1000,  29.40 ,500,  30.80 ,  84.00 ,  40.04 ,  36.96 ,  73.92 ,  48.05 ,  44.35 , Metal , 230*68*42.5 , Mass Production , zhongqiyu@fsp-powerland.com , ALP ,,,,,,,,,
Outdoor,Mid Power,LED Drivers > Mid Power LED Drivers,"All-in-One Dimming Outdoor LED Drivers
200W Programmable Series",200 Watts Digital Programing Series                                                            ,Multi Dimming Function (Ultra Deep Resolution with DMX Option)<br>Indoor/Outdoor Applications<br>16-285Vout<br>90-305Vac<br>UL,2,PLD200-SMT-36(Z/B/E),outdoor Constant Current，programmable,"0-10V,PWM,Reset,DMX (upon request) ultra-deep dimming",200,200,6.67,6.67,up to 6.67A,24,24-36V,UL,IP67,https://greenwattpower.com/wp-content/uploads/2020/01/12-Programmable-200.pdf,cable,26.47/28.68/28.68,10000,  27.16 ,5000,  27.44 ,2000,  28.00 ,1000,  29.40 ,500,  30.80 ,  84.00 ,  40.04 ,  36.96 ,  73.92 ,  48.05 ,  44.35 , Metal , 230*68*42.5 , Mass Production , zhongqiyu@fsp-powerland.com , ALP ,,,,,,,,,
Outdoor,Mid Power,LED Drivers > Mid Power LED Drivers,"All-in-One Dimming Outdoor LED Drivers
200W Programmable Series",200 Watts Digital Programing Series                                                            ,Multi Dimming Function (Ultra Deep Resolution with DMX Option)<br>Indoor/Outdoor Applications<br>16-285Vout<br>90-305Vac<br>UL,2,PLD200-SMT-42(Z/B/E),outdoor Constant Current，programmable,"0-10V,PWM,Reset,DMX (upon request) ultra-deep dimming",200,200,5.7,5.7,up to 5.7A,28,28-42V,UL,IP67,https://greenwattpower.com/wp-content/uploads/2020/01/12-Programmable-200.pdf,cable,26.47/28.68/28.68,10000,  27.16 ,5000,  27.44 ,2000,  28.00 ,1000,  29.40 ,500,  30.80 ,  84.00 ,  40.04 ,  36.96 ,  73.92 ,  48.05 ,  44.35 , Metal , 230*68*42.5 , Mass Production , zhongqiyu@fsp-powerland.com , ALP ,,,,,,,,,
Outdoor,Mid Power,LED Drivers > Mid Power LED Drivers,"All-in-One Dimming Outdoor LED Drivers
200W Programmable Series",200 Watts Digital Programing Series                                                            ,Multi Dimming Function (Ultra Deep Resolution with DMX Option)<br>Indoor/Outdoor Applications<br>16-285Vout<br>90-305Vac<br>UL,2,PLD200-SMT-48(Z/B/E),outdoor Constant Current，programmable,"0-10V,PWM,Reset,DMX (upon request) ultra-deep dimming",200,200,5,5,up to 5A,32,32-48V,UL,IP67,https://greenwattpower.com/wp-content/uploads/2020/01/12-Programmable-200.pdf,cable,26.47/28.68/28.68,10000,  27.16 ,5000,  27.44 ,2000,  28.00 ,1000,  29.40 ,500,  30.80 ,  84.00 ,  40.04 ,  36.96 ,  73.92 ,  48.05 ,  44.35 , Metal , 230*68*42.5 , Mass Production , zhongqiyu@fsp-powerland.com , ALP ,,,,,,,,,
Outdoor,Mid Power,LED Drivers > Mid Power LED Drivers,"All-in-One Dimming Outdoor LED Drivers
200W Programmable Series",200 Watts Digital Programing Series                                                            ,Multi Dimming Function (Ultra Deep Resolution with DMX Option)<br>Indoor/Outdoor Applications<br>16-285Vout<br>90-305Vac<br>UL,2,PLD200-SMT-58(Z/B/E),outdoor Constant Current，programmable,"0-10V,PWM,Reset,DMX (upon request) ultra-deep dimming",200,200,3.2,3.2,up to 3.2A,29,29-58V,UL,IP67,https://greenwattpower.com/wp-content/uploads/2020/01/12-Programmable-200.pdf,cable,26.47/28.68/28.68,10000,  27.16 ,5000,  27.44 ,2000,  28.00 ,1000,  29.40 ,500,  30.80 ,  84.00 ,  40.04 ,  36.96 ,  73.92 ,  48.05 ,  44.35 , Metal , 230*68*42.5 , Mass Production , zhongqiyu@fsp-powerland.com , ALP ,,,,,,,,,
Outdoor,Mid Power,LED Drivers > Mid Power LED Drivers,"All-in-One Dimming Outdoor LED Drivers
200W Programmable Series",200 Watts Digital Programing Series                                                            ,Multi Dimming Function (Ultra Deep Resolution with DMX Option)<br>Indoor/Outdoor Applications<br>16-285Vout<br>90-305Vac<br>UL,2,PLD200-SMT-95(Z/B/E),outdoor Constant Current，programmable,"0-10V,PWM,Reset,DMX (upon request) ultra-deep dimming",200,200,2.52,2.52,up to 2.52A,47,47-95V,UL,IP67,https://greenwattpower.com/wp-content/uploads/2020/01/12-Programmable-200.pdf,cable,26.47/28.68/28.68,10000,  27.16 ,5000,  27.44 ,2000,  28.00 ,1000,  29.40 ,500,  30.80 ,  84.00 ,  40.04 ,  36.96 ,  73.92 ,  48.05 ,  44.35 , Metal , 230*68*42.5 , Mass Production , zhongqiyu@fsp-powerland.com , ALP ,,,,,,,,,
Outdoor,Mid Power,LED Drivers > Mid Power LED Drivers,"All-in-One Dimming Outdoor LED Drivers
200W Programmable Series",200 Watts Digital Programing Series                                                            ,Multi Dimming Function (Ultra Deep Resolution with DMX Option)<br>Indoor/Outdoor Applications<br>16-285Vout<br>90-305Vac<br>UL,2,PLD200-SMT-142(Z/B/E),outdoor Constant Current，programmable,"0-10V,PWM,Reset,DMX (upon request) ultra-deep dimming",200,200,1.68,1.68,up to 1.68A,71,71-142V,UL,IP67,https://greenwattpower.com/wp-content/uploads/2020/01/12-Programmable-200.pdf,cable,26.47/28.68/28.68,10000,  27.16 ,5000,  27.44 ,2000,  28.00 ,1000,  29.40 ,500,  30.80 ,  84.00 ,  40.04 ,  36.96 ,  73.92 ,  48.05 ,  44.35 , Metal , 230*68*42.5 , Mass Production , zhongqiyu@fsp-powerland.com , ALP ,,,,,,,,,
Outdoor,Mid Power,LED Drivers > Mid Power LED Drivers,"All-in-One Dimming Outdoor LED Drivers
200W Programmable Series",200 Watts Digital Programing Series                                                            ,Multi Dimming Function (Ultra Deep Resolution with DMX Option)<br>Indoor/Outdoor Applications<br>16-285Vout<br>90-305Vac<br>UL,2,PLD200-SMT-190(Z/B/E),outdoor Constant Current，programmable,"0-10V,PWM,Reset,DMX (upon request) ultra-deep dimming",200,200,1.28,1.28,up to 1.28A,95,95-190V,UL,IP67,https://greenwattpower.com/wp-content/uploads/2020/01/12-Programmable-200.pdf,cable,26.47/28.68/28.68,10000,  27.16 ,5000,  27.44 ,2000,  28.00 ,1000,  29.40 ,500,  30.80 ,  84.00 ,  40.04 ,  36.96 ,  73.92 ,  48.05 ,  44.35 , Metal , 230*68*42.5 , Mass Production , zhongqiyu@fsp-powerland.com , ALP ,,,,,,,,,
Outdoor,Mid Power,LED Drivers > Mid Power LED Drivers,"All-in-One Dimming Outdoor LED Drivers
200W Programmable Series",200 Watts Digital Programing Series                                                            ,Multi Dimming Function (Ultra Deep Resolution with DMX Option)<br>Indoor/Outdoor Applications<br>16-285Vout<br>90-305Vac<br>UL,2,PLD200-SMT-285(Z/B/E),outdoor Constant Current，programmable,"0-10V,PWM,Reset,DMX (upon request) ultra-deep dimming",200,200,0.84,0.84,up to 0.84A,142,142-285V,UL,IP67,https://greenwattpower.com/wp-content/uploads/2020/01/12-Programmable-200.pdf,cable,26.47/28.68/28.68,10000,  27.16 ,5000,  27.44 ,2000,  28.00 ,1000,  29.40 ,500,  30.80 ,  84.00 ,  40.04 ,  36.96 ,  73.92 ,  48.05 ,  44.35 , Metal , 230*68*42.5 , Mass Production , zhongqiyu@fsp-powerland.com , ALP ,,,,,,,,,
,,,,,,,,,,,,,,,,,,,,,,,,,,,,,,,,,,,,,,,,,,,,,,,,,,,
Outdoor,Mid Power,LED Drivers > Mid Power LED Drivers,"All-in-One Dimming Outdoor LED Drivers
240W Programmable Series",240 Watts Digital Programming Series                                                            ,Multi Dimming Function (Ultra Deep Resolution with DMX Option)<br>Indoor/Outdoor Applications<br>16-48Vout<br>90-305Vac<br>UL,2,PLD240-SMT-24(Z/B/E),"outdoor Constant Current，programmable,  optional 12V auxiliary power","0-10V,PWM,Reset,DMX (upon request) ultra-deep dimming",240,240,12,12,up to 12A,16,16-24V,UL,IP67,https://greenwattpower.com/wp-content/uploads/2020/01/13-Programmable-240.pdf,cable,29.41/31.62/31.62,10000,  31.04 ,5000,  31.36 ,2000,  32.00 ,1000,  33.60 ,500,  35.20 ,  96.00 ,  45.76 ,  42.24 ,  84.48 ,  54.91 ,  50.69 , Metal , 230*68*42.5 , Samples Available in 2-3 weeks , jianghuali@fsp-powerland.com , ALP ,,,,,,,,,
Outdoor,Mid Power,LED Drivers > Mid Power LED Drivers,"All-in-One Dimming Outdoor LED Drivers
240W Programmable Series",240 Watts Digital Programming Series                                                            ,Multi Dimming Function (Ultra Deep Resolution with DMX Option)<br>Indoor/Outdoor Applications<br>16-48Vout<br>90-305Vac<br>UL,2,PLD240-SMT-36(Z/B/E),"outdoor Constant Current，programmable,  optional 12V auxiliary power","0-10V,PWM,Reset,DMX (upon request) ultra-deep dimming",240,240,8,8,up to 8A,24,24-36V,UL,IP67,https://greenwattpower.com/wp-content/uploads/2020/01/13-Programmable-240.pdf,cable,29.41/31.62/31.62,10000,  31.04 ,5000,  31.36 ,2000,  32.00 ,1000,  33.60 ,500,  35.20 ,  96.00 ,  45.76 ,  42.24 ,  84.48 ,  54.91 ,  50.69 , Metal , 230*68*42.5 , Samples Available in 2-3 weeks , jianghuali@fsp-powerland.com , ALP ,,,,,,,,,
Outdoor,Mid Power,LED Drivers > Mid Power LED Drivers,"All-in-One Dimming Outdoor LED Drivers
240W Programmable Series",240 Watts Digital Programming Series                                                            ,Multi Dimming Function (Ultra Deep Resolution with DMX Option)<br>Indoor/Outdoor Applications<br>16-48Vout<br>90-305Vac<br>UL,2,PLD240-SMT-42(Z/B/E),"outdoor Constant Current，programmable,  optional 12V auxiliary power","0-10V,PWM,Reset,DMX (upon request) ultra-deep dimming",240,240,6.86,6.86,up to 6.86A,28,28-42V,UL,IP67,https://greenwattpower.com/wp-content/uploads/2020/01/13-Programmable-240.pdf,cable,29.41/31.62/31.62,10000,  31.04 ,5000,  31.36 ,2000,  32.00 ,1000,  33.60 ,500,  35.20 ,  96.00 ,  45.76 ,  42.24 ,  84.48 ,  54.91 ,  50.69 , Metal , 230*68*42.5 , Samples Available in 2-3 weeks , jianghuali@fsp-powerland.com , ALP ,,,,,,,,,
Outdoor,Mid Power,LED Drivers > Mid Power LED Drivers,"All-in-One Dimming Outdoor LED Drivers
240W Programmable Series",240 Watts Digital Programming Series                                                            ,Multi Dimming Function (Ultra Deep Resolution with DMX Option)<br>Indoor/Outdoor Applications<br>16-48Vout<br>90-305Vac<br>UL,2,PLD240-SMT-48(Z/B/E),"outdoor Constant Current，programmable,  optional 12V auxiliary power","0-10V,PWM,Reset,DMX (upon request) ultra-deep dimming",240,240,6,6,up to 6A,32,32-48V,UL,IP67,https://greenwattpower.com/wp-content/uploads/2020/01/13-Programmable-240.pdf,cable,29.41/31.62/31.62,10000,  31.04 ,5000,  31.36 ,2000,  32.00 ,1000,  33.60 ,500,  35.20 ,  96.00 ,  45.76 ,  42.24 ,  84.48 ,  54.91 ,  50.69 , Metal , 230*68*42.5 , Samples Available in 2-3 weeks , jianghuali@fsp-powerland.com , ALP ,,,,,,,,,
,,,,,,,,,,,,,,,,,,,,,,,,,,,,,,,,,,,,,,,,,,,,,,,,,,,
Outdoor,Mid Power,LED Drivers > Mid Power LED Drivers,"All-in-One Dimming Outdoor LED Drivers
320W Programmable Series",320 Watts Digital Programing Series,Multi Dimming Function (Ultra Deep Resolution with DMX Option)<br>Indoor/Outdoor Applications<br>24-428Vout<br>108-305Vac<br>UL,2,PLD320-SMT-36(Z/B/E),outdoor Constant Current，programmable,"0-10V,PWM,Resistor,Clock,DMX (upon request) ultra-deep dimming",320,320,8.88,8.88,up to 8.88A,24,24-36V,UL ,IP67,https://greenwattpower.com/wp-content/uploads/2020/01/14-Programmable-320.pdf,cable,33.82/36.03/36.03,10000,  43.65 ,5000,  44.10 ,2000,  45.00 ,1000,  47.25 ,500,  49.50 ,  135.00 ,  64.35 ,  59.40 ,  118.80 ,  77.22 ,  71.28 , Metal , 245*84*42.5 , Samples Available , jianghuali@fsp-powerland.com , ALP ,,,,,,,,,
Outdoor,Mid Power,LED Drivers > Mid Power LED Drivers,"All-in-One Dimming Outdoor LED Drivers
320W Programmable Series",320 Watts Digital Programing Series,Multi Dimming Function (Ultra Deep Resolution with DMX Option)<br>Indoor/Outdoor Applications<br>24-428Vout<br>108-305Vac<br>UL,2,PLD320-SMT-48(Z/B/E),outdoor Constant Current，programmable,"0-10V,PWM,Resistor,Clock,DMX (upon request) ultra-deep dimming",320,320,6.66,6.66,up to 6.66A,32,32-48V,UL ,IP67,https://greenwattpower.com/wp-content/uploads/2020/01/14-Programmable-320.pdf,cable,33.82/36.03/36.03,10000,  43.65 ,5000,  44.10 ,2000,  45.00 ,1000,  47.25 ,500,  49.50 ,  135.00 ,  64.35 ,  59.40 ,  118.80 ,  77.22 ,  71.28 , Metal , 245*84*42.5 , Samples Available , jianghuali@fsp-powerland.com , ALP ,,,,,,,,,
Outdoor,Mid Power,LED Drivers > Mid Power LED Drivers,"All-in-One Dimming Outdoor LED Drivers
320W Programmable Series",120 Watts Digital Programing Series,Multi Dimming Function (Ultra Deep Resolution with DMX Option)<br>Indoor/Outdoor Applications<br>12-170Vout<br>90-305Vac<br>UL,2,PLD320-SMT-54(Z/B/E),outdoor Constant Current，programmable,"0-10V,PWM,Resistor,Clock,DMX (upon request) ultra-deep dimming",320,320,5.93,5.93,up to 5.93A,36,36-54V,UL ,IP67,https://greenwattpower.com/wp-content/uploads/2020/01/14-Programmable-320.pdf,cable,33.82/36.03/36.03,10000,  43.65 ,5000,  44.10 ,2000,  45.00 ,1000,  47.25 ,500,  49.50 ,  135.00 ,  64.35 ,  59.40 ,  118.80 ,  77.22 ,  71.28 , Metal , 245*84*42.5 , Samples Available , jianghuali@fsp-powerland.com , ALP ,,,,,,,,,
Outdoor,Mid Power,LED Drivers > Mid Power LED Drivers,"All-in-One Dimming Outdoor LED Drivers
320W Programmable Series",320 Watts Digital Programing Series,Multi Dimming Function (Ultra Deep Resolution with DMX Option)<br>Indoor/Outdoor Applications<br>24-428Vout<br>108-305Vac<br>UL,2,PLD320-SMT-58(Z/B/E),outdoor Constant Current，programmable,"0-10V,PWM,Resistor,Clock,DMX (upon request) ultra-deep dimming",320,320,5.52,5.52,up to 5.52A,40,40-58.8V,UL ,IP67,https://greenwattpower.com/wp-content/uploads/2020/01/14-Programmable-320.pdf,cable,33.82/36.03/36.03,10000,  43.65 ,5000,  44.10 ,2000,  45.00 ,1000,  47.25 ,500,  49.50 ,  135.00 ,  64.35 ,  59.40 ,  118.80 ,  77.22 ,  71.28 , Metal , 245*84*42.5 , Samples Available , jianghuali@fsp-powerland.com , ALP ,,,,,,,,,
Outdoor,Mid Power,LED Drivers > Mid Power LED Drivers,"All-in-One Dimming Outdoor LED Drivers
320W Programmable Series",320 Watts Digital Programing Series,Multi Dimming Function (Ultra Deep Resolution with DMX Option)<br>Indoor/Outdoor Applications<br>24-428Vout<br>108-305Vac<br>UL,2,PLD320-SMT-152(Z/B/E),outdoor Constant Current，programmable,"0-10V,PWM,Resistor,Clock,DMX (upon request) ultra-deep dimming",320,320,2.1,2.1,up to 2.1A,94,94-152V,UL ,IP67,https://greenwattpower.com/wp-content/uploads/2020/01/14-Programmable-320.pdf,cable,33.82/36.03/36.03,10000,  43.65 ,5000,  44.10 ,2000,  45.00 ,1000,  47.25 ,500,  49.50 ,  135.00 ,  64.35 ,  59.40 ,  118.80 ,  77.22 ,  71.28 , Metal , 245*84*42.5 , Samples Available , jianghuali@fsp-powerland.com , ALP ,,,,,,,,,
Outdoor,Mid Power,LED Drivers > Mid Power LED Drivers,"All-in-One Dimming Outdoor LED Drivers
320W Programmable Series",320 Watts Digital Programing Series,Multi Dimming Function (Ultra Deep Resolution with DMX Option)<br>Indoor/Outdoor Applications<br>24-428Vout<br>108-305Vac<br>UL,2,PLD320-SMT-228(Z/B/E),outdoor Constant Current，programmable,"0-10V,PWM,Resistor,Clock,DMX (upon request) ultra-deep dimming",320,320,1.4,1.4,up to 1.4A,142,142-228V,UL ,IP67,https://greenwattpower.com/wp-content/uploads/2020/01/14-Programmable-320.pdf,cable,33.82/36.03/36.03,10000,  43.65 ,5000,  44.10 ,2000,  45.00 ,1000,  47.25 ,500,  49.50 ,  135.00 ,  64.35 ,  59.40 ,  118.80 ,  77.22 ,  71.28 , Metal , 245*84*42.5 , Samples Available , jianghuali@fsp-powerland.com , ALP ,,,,,,,,,
Outdoor,Mid Power,LED Drivers > Mid Power LED Drivers,"All-in-One Dimming Outdoor LED Drivers
320W Programmable Series",320 Watts Digital Programing Series,Multi Dimming Function (Ultra Deep Resolution with DMX Option)<br>Indoor/Outdoor Applications<br>24-428Vout<br>108-305Vac<br>UL,2,PLD320-SMT-428(Z/B/E),outdoor Constant Current，programmable,"0-10V,PWM,Resistor,Clock,DMX (upon request) ultra-deep dimming",320,320,0.7,0.7,up to 0.7A,320,320-428V,UL ,IP67,https://greenwattpower.com/wp-content/uploads/2020/01/14-Programmable-320.pdf,cable,33.82/36.03/36.03,10000,  43.65 ,5000,  44.10 ,2000,  45.00 ,1000,  47.25 ,500,  49.50 ,  135.00 ,  64.35 ,  59.40 ,  118.80 ,  77.22 ,  71.28 , Metal , 245*84*42.5 , Samples Available , jianghuali@fsp-powerland.com , ALP ,,,,,,,,,
,,,,,,,,,,,,,,,,,,,,,,,,,,,,,,,,,,,,,,,,,,,,,,,,,,,
Outdoor,High Power,LED Drivers > High Power LED Drivers,"ICE-305 Programmable Series
400W All-in-One Dimmable Outdoor LED Drivers",400 Watts Digital Programing Wireless Series,Multi Dimming Function (Ultra Deep Resolution with DMX Option)<br>Indoor/Outdoor Applications<br>24-58.8Vout<br>108-305Vac<br>UL8750 & EN61347-2-13,2,PLD400-SMT-36(Z/B/E),"Constant current & constant voltage output,output current & output voltage programmable,support wireless dimming (Bluetooth or ZigBee protocol)","0-10V,PWM,Resistor,Clock,DMX (upon request) ultra-deep dimming",400,400,11.1,11.1,up to 11.1A,24,24-36V,"UL8750,EN61347-2-13",IP67,https://greenwattpower.com/wp-content/uploads/2020/01/15-ICE-305-Programmable-400.pdf,wire,38.24/40.44/40.44,10000,  66.93 ,5000,  67.62 ,2000,  69.00 ,1000,  72.45 ,500,  75.90 ,  207.00 ,  98.67 ,  91.08 ,  182.16 ,  118.40 ,  109.30 ,Aluminum,240*123*54,Sample Available,jianhuali@fsp-powerland.com,ALP,,,,,,,,,
Outdoor,High Power,LED Drivers > High Power LED Drivers,"ICE-305 Programmable Series
400W All-in-One Dimmable Outdoor LED Drivers",400 Watts Digital Programing Wireless Series,Multi Dimming Function (Ultra Deep Resolution with DMX Option)<br>Indoor/Outdoor Applications<br>24-58.8Vout<br>108-305Vac<br>UL8750 & EN61347-2-13,2,PLD400-SMT-42(Z/B/E),"Constant current & constant voltage output,output current & output voltage programmable,support wireless dimming (Bluetooth or ZigBee protocol)","0-10V,PWM,Resistor,Clock,DMX (upon request) ultra-deep dimming",400,400,9.5,9.5,up to 9.5A,27,27-42V,"UL8750,EN61347-2-13",IP67,https://greenwattpower.com/wp-content/uploads/2020/01/15-ICE-305-Programmable-400.pdf,wire,38.24/40.44/40.44,10000,  66.93 ,5000,  67.62 ,2000,  69.00 ,1000,  72.45 ,500,  75.90 ,  207.00 ,  98.67 ,  91.08 ,  182.16 ,  118.40 ,  109.30 ,Aluminum,240*123*54,Sample Available,jianhuali@fsp-powerland.com,ALP,,,,,,,,,
Outdoor,High Power,LED Drivers > High Power LED Drivers,"ICE-305 Programmable Series
400W All-in-One Dimmable Outdoor LED Drivers",400 Watts Digital Programing Wireless Series,Multi Dimming Function (Ultra Deep Resolution with DMX Option)<br>Indoor/Outdoor Applications<br>24-58.8Vout<br>108-305Vac<br>UL8750 & EN61347-2-13,2,PLD400-SMT-48(Z/B/E),"Constant current & constant voltage output,output current & output voltage programmable,support wireless dimming (Bluetooth or ZigBee protocol)","0-10V,PWM,Resistor,Clock,DMX (upon request) ultra-deep dimming",400,400,8.3,8.3,up to 8.3A,32,32-48V,"UL8750,EN61347-2-13",IP67,https://greenwattpower.com/wp-content/uploads/2020/01/15-ICE-305-Programmable-400.pdf,wire,38.24/40.44/40.44,10000,  66.93 ,5000,  67.62 ,2000,  69.00 ,1000,  72.45 ,500,  75.90 ,  207.00 ,  98.67 ,  91.08 ,  182.16 ,  118.40 ,  109.30 ,Aluminum,240*123*54,Sample Available,jianhuali@fsp-powerland.com,ALP,,,,,,,,,
Outdoor,High Power,LED Drivers > High Power LED Drivers,"ICE-305 Programmable Series
400W All-in-One Dimmable Outdoor LED Drivers",400 Watts Digital Programing Wireless Series,Multi Dimming Function (Ultra Deep Resolution with DMX Option)<br>Indoor/Outdoor Applications<br>24-58.8Vout<br>108-305Vac<br>UL8750 & EN61347-2-13,2,PLD400-SMT-54(Z/B/E),"Constant current & constant voltage output,output current & output voltage programmable,support wireless dimming (Bluetooth or ZigBee protocol)","0-10V,PWM,Resistor,Clock,DMX (upon request) ultra-deep dimming",400,400,7.4,7.4,up to 7.4A,36,36-54V,"UL8750,EN61347-2-13",IP67,https://greenwattpower.com/wp-content/uploads/2020/01/15-ICE-305-Programmable-400.pdf,wire,38.24/40.44/40.44,10000,  66.93 ,5000,  67.62 ,2000,  69.00 ,1000,  72.45 ,500,  75.90 ,  207.00 ,  98.67 ,  91.08 ,  182.16 ,  118.40 ,  109.30 ,Aluminum,240*123*54,Sample Available,jianhuali@fsp-powerland.com,ALP,,,,,,,,,
Outdoor,High Power,LED Drivers > High Power LED Drivers,"ICE-305 Programmable Series
400W All-in-One Dimmable Outdoor LED Drivers",400 Watts Digital Programing Wireless Series,Multi Dimming Function (Ultra Deep Resolution with DMX Option)<br>Indoor/Outdoor Applications<br>24-58.8Vout<br>108-305Vac<br>UL8750 & EN61347-2-13,2,PLD400-SMT-58(Z/B/E),"Constant current & constant voltage output,output current & output voltage programmable,support wireless dimming (Bluetooth or ZigBee protocol)","0-10V,PWM,Resistor,Clock,DMX (upon request) ultra-deep dimming",400,400,6.8,6.8,up to 6.8A,40,40-58.8V,"UL8750,EN61347-2-13",IP67,https://greenwattpower.com/wp-content/uploads/2020/01/15-ICE-305-Programmable-400.pdf,wire,38.24/40.44/40.44,10000,  66.93 ,5000,  67.62 ,2000,  69.00 ,1000,  72.45 ,500,  75.90 ,  207.00 ,  98.67 ,  91.08 ,  182.16 ,  118.40 ,  109.30 ,Aluminum,240*123*54,Sample Available,jianhuali@fsp-powerland.com,ALP,,,,,,,,,
,,,,,,,,,,,,,,,,,,,,,,,,,,,,,,,,,,,,,,,,,,,,,,,,,,,
Outdoor,High Power,LED Drivers > High Power LED Drivers,"ICE-305 Programmable Series
500W All-in-One Dimmable Outdoor LED Drivers",500 Watts Digital Programing Wireless Series                                                            ,Multi Dimming Function with Bluetooth & Zigbee<br>Indoor/Outdoor Applications<br>24-58.8Vout<br>108-305Vac<br>UL,2,PLD500-SMT-36(Z/B/E),"outdoor Constant Current，programmable, ","0-10V,PWM,Resistor,Clock",500,500,14,14,up to 14A,24,24-36V,UL ,IP67,https://greenwattpower.com/wp-content/uploads/2020/01/16-ICE-305-Programmable-500.pdf,cable,43.38/45.58/45.58,10000,  71.78 ,5000,  72.52 ,2000,  74.00 ,1000,  77.70 ,500,  81.40 ,  222.00 ,  105.82 ,  97.68 ,  195.36 ,  126.98 ,  117.22 ,Aluminum,240*123*54,Sample Available,jianhuali@fsp-powerland.com,ALP,,,,,,,,,
Outdoor,High Power,LED Drivers > High Power LED Drivers,"ICE-305 Programmable Series
500W All-in-One Dimmable Outdoor LED Drivers",500 Watts Digital Programing Wireless Series                                                            ,Multi Dimming Function with Bluetooth & Zigbee<br>Indoor/Outdoor Applications<br>24-58.8Vout<br>108-305Vac<br>UL,2,PLD500-SMT-42(Z/B/E),"outdoor Constant Current，programmable, ","0-10V,PWM,Resistor,Clock",500,500,11.9,11.9,up to 11.9A,27,27-42V,UL ,IP67,https://greenwattpower.com/wp-content/uploads/2020/01/16-ICE-305-Programmable-500.pdf,cable,41.18/43.38/43.38,10000,  71.78 ,5000,  72.52 ,2000,  74.00 ,1000,  77.70 ,500,  81.40 ,  222.00 ,  105.82 ,  97.68 ,  195.36 ,  126.98 ,  117.22 ,Aluminum,240*123*54,Sample Available,jianhuali@fsp-powerland.com,ALP,,,,,,,,,
Outdoor,High Power,LED Drivers > High Power LED Drivers,"ICE-305 Programmable Series
500W All-in-One Dimmable Outdoor LED Drivers",500 Watts Digital Programing Wireless Series                                                            ,Multi Dimming Function with Bluetooth & Zigbee<br>Indoor/Outdoor Applications<br>24-58.8Vout<br>108-305Vac<br>UL,2,PLD500-SMT-48(Z/B/E),"outdoor Constant Current，programmable, ","0-10V,PWM,Resistor,Clock",500,500,11,11,up to 11A,32,32-48V,UL ,IP67,https://greenwattpower.com/wp-content/uploads/2020/01/16-ICE-305-Programmable-500.pdf,cable,41.18/43.38/43.38,10000,  71.78 ,5000,  72.52 ,2000,  74.00 ,1000,  77.70 ,500,  81.40 ,  222.00 ,  105.82 ,  97.68 ,  195.36 ,  126.98 ,  117.22 ,Aluminum,240*123*54,Sample Available,jianhuali@fsp-powerland.com,ALP,,,,,,,,,
Outdoor,High Power,LED Drivers > High Power LED Drivers,"ICE-305 Programmable Series
500W All-in-One Dimmable Outdoor LED Drivers",500 Watts Digital Programing Wireless Series                                                            ,Multi Dimming Function with Bluetooth & Zigbee<br>Indoor/Outdoor Applications<br>24-58.8Vout<br>108-305Vac<br>UL,2,PLD500-SMT-54(Z/B/E),"outdoor Constant Current，programmable, ","0-10V,PWM,Resistor,Clock",500,500,9,9,up to 9A,36,36-54V,UL ,IP67,https://greenwattpower.com/wp-content/uploads/2020/01/16-ICE-305-Programmable-500.pdf,cable,41.18/43.38/43.38,10000,  71.78 ,5000,  72.52 ,2000,  74.00 ,1000,  77.70 ,500,  81.40 ,  222.00 ,  105.82 ,  97.68 ,  195.36 ,  126.98 ,  117.22 ,Aluminum,240*123*54,Sample Available,jianhuali@fsp-powerland.com,ALP,,,,,,,,,
Outdoor,High Power,LED Drivers > High Power LED Drivers,"ICE-305 Programmable Series
500W All-in-One Dimmable Outdoor LED Drivers",500 Watts Digital Programing Wireless Series                                                            ,Multi Dimming Function with Bluetooth & Zigbee<br>Indoor/Outdoor Applications<br>24-58.8Vout<br>108-305Vac<br>UL,2,PLD500-SMT-58(Z/B/E),"outdoor Constant Current，programmable, ","0-10V,PWM,Resistor,Clock",500,500,8.5,8.5,up to 8.5A,40,40-58.8V,UL ,IP67,https://greenwattpower.com/wp-content/uploads/2020/01/16-ICE-305-Programmable-500.pdf,cable,41.18/43.38/43.38,10000,  71.78 ,5000,  72.52 ,2000,  74.00 ,1000,  77.70 ,500,  81.40 ,  222.00 ,  105.82 ,  97.68 ,  195.36 ,  126.98 ,  117.22 ,Aluminum,240*123*54,Sample Available,jianhuali@fsp-powerland.com,ALP,,,,,,,,,
,,,,,,,,,,,,,,,,,,,,,,,,,,,,,,,,,,,,,,,,,,,,,,,,,,,
Outdoor,High Power,LED Drivers > High Power LED Drivers,"ICE-305 Programmable Series
600W All-in-One Dimmable Outdoor LED Drivers",600 Watts Digital Programing Wireless Series                                                            ,"Multi Dimming Function with Bluetooth & Zigbee<br>Indoor/Outdoor Applications<br>24-58.8Vout<br>108-305Vac<br>UL,cUL,CE, CB",2,PLD600-SMT-36(Z/B/E),"outdoor Constant Current，programmable, ","0-10V,PWM,Resistor,Clock",600,600,16.7,16.7,up to 16.7A,24,24-36V,"UL,cUL,CE",IP67,https://greenwattpower.com/wp-content/uploads/2020/01/17-ICE-305-Programmable-600.pdf,cable,45.59/47.80/47.80,10000,  73.72 ,5000,  74.48 ,2000,  76.00 ,1000,  79.80 ,500,  83.60 ,  228.00 ,  108.68 ,  100.32 ,  200.64 ,  130.42 ,  120.38 ,Aluminum,280*123*54,Sample Available,jianhuali@fsp-powerland.com,ALP,,,,,,,,,
Outdoor,High Power,LED Drivers > High Power LED Drivers,"ICE-305 Programmable Series
600W All-in-One Dimmable Outdoor LED Drivers",600 Watts Digital Programing Wireless Series                                                            ,"Multi Dimming Function with Bluetooth & Zigbee<br>Indoor/Outdoor Applications<br>24-58.8Vout<br>108-305Vac<br>UL,cUL,CE, CB",2,PLD600-SMT-42(Z/B/E),"outdoor Constant Current，programmable, ","0-10V,PWM,Resistor,Clock",600,600,14.3,14.3,up to 14.3A,27,27-42V,"UL,cUL,CE",IP67,https://greenwattpower.com/wp-content/uploads/2020/01/17-ICE-305-Programmable-600.pdf,cable,44.12/46.32/46.32,10000,  73.72 ,5000,  74.48 ,2000,  76.00 ,1000,  79.80 ,500,  83.60 ,  228.00 ,  108.68 ,  100.32 ,  200.64 ,  130.42 ,  120.38 ,Aluminum,280*123*54,Sample Available,jianhuali@fsp-powerland.com,ALP,,,,,,,,,
Outdoor,High Power,LED Drivers > High Power LED Drivers,"ICE-305 Programmable Series
600W All-in-One Dimmable Outdoor LED Drivers",600 Watts Digital Programing Wireless Series                                                            ,"Multi Dimming Function with Bluetooth & Zigbee<br>Indoor/Outdoor Applications<br>24-58.8Vout<br>108-305Vac<br>UL,cUL,CE, CB",2,PLD600-SMT-48(Z/B/E),"outdoor Constant Current，programmable, ","0-10V,PWM,Resistor,Clock",600,600,12.5,12.5,up to 12.5A,32,32-48V,"UL,cUL,CE",IP67,https://greenwattpower.com/wp-content/uploads/2020/01/17-ICE-305-Programmable-600.pdf,cable,44.12/46.32/46.32,10000,  73.72 ,5000,  74.48 ,2000,  76.00 ,1000,  79.80 ,500,  83.60 ,  228.00 ,  108.68 ,  100.32 ,  200.64 ,  130.42 ,  120.38 ,Aluminum,280*123*54,Sample Available,jianhuali@fsp-powerland.com,ALP,,,,,,,,,
Outdoor,High Power,LED Drivers > High Power LED Drivers,"ICE-305 Programmable Series
600W All-in-One Dimmable Outdoor LED Drivers",600 Watts Digital Programing Wireless Series                                                            ,"Multi Dimming Function with Bluetooth & Zigbee<br>Indoor/Outdoor Applications<br>24-58.8Vout<br>108-305Vac<br>UL,cUL,CE, CB",2,PLD600-SMT-54(Z/B/E),"outdoor Constant Current，programmable, ","0-10V,PWM,Resistor,Clock",600,600,11.1,11.1,up to 11.1A,36,36-54V,"UL,cUL,CE,CB",IP67,https://greenwattpower.com/wp-content/uploads/2020/01/17-ICE-305-Programmable-600.pdf,cable,44.12/46.32/46.32,10000,  73.72 ,5000,  74.48 ,2000,  76.00 ,1000,  79.80 ,500,  83.60 ,  228.00 ,  108.68 ,  100.32 ,  200.64 ,  130.42 ,  120.38 ,Aluminum,280*123*54,Sample Available,jianhuali@fsp-powerland.com,ALP,,,,,,,,,
Outdoor,High Power,LED Drivers > High Power LED Drivers,"ICE-305 Programmable Series
600W All-in-One Dimmable Outdoor LED Drivers",600 Watts Digital Programing Wireless Series                                                            ,"Multi Dimming Function with Bluetooth & Zigbee<br>Indoor/Outdoor Applications<br>24-58.8Vout<br>108-305Vac<br>UL,cUL,CE, CB",2,PLD600-SMT-58(Z/B/E),"outdoor Constant Current，programmable, ","0-10V,PWM,Resistor,Clock",600,600,10.2,10.2,up to 10.2A,40,40-58.8V,"UL,cUL,CE",IP67,https://greenwattpower.com/wp-content/uploads/2020/01/17-ICE-305-Programmable-600.pdf,cable,44.12/46.32/46.32,10000,  73.72 ,5000,  74.48 ,2000,  76.00 ,1000,  79.80 ,500,  83.60 ,  228.00 ,  108.68 ,  100.32 ,  200.64 ,  130.42 ,  120.38 ,Aluminum,280*123*54,Sample Available,jianhuali@fsp-powerland.com,ALP,,,,,,,,,
,,,,,,,,,,,,,,,,,,,,,,,,,,,,,,,,,,,,,,,,,,,,,,,,,,,
Outdoor,High Power,LED Drivers > High Power LED Drivers,"ICE-305 Programmable Series
720W All-in-One Dimmable Outdoor LED Drivers",720 Watts Digital Programing Wireless Series,"Multi Dimming Function with Bluetooth & Zigbee<br>Indoor/Outdoor Applications<br>24-58.8Vout<br>108-305Vac<br>UL, cUL, CE, CB",2,PLD720-SMT-36(Z/B/E),"outdoor Constant Current，programmable, ","0-10V,PWM,Resistor,Clock",720,720,20,20,up to 20A,24,24-36V,"UL,cUL,CE",IP67,https://greenwattpower.com/wp-content/uploads/2020/01/18-ICE-305-Programmable-720.pdf,cable,53.68/55.88/55.88,10000,  86.33 ,5000,  87.22 ,2000,  89.00 ,1000,  93.45 ,500,  97.90 ,  267.00 ,  127.27 ,  117.48 ,  234.96 ,  152.72 ,  140.98 ,Aluminum,280*123*54,Sample Available,jianhuali@fsp-powerland.com,ALP,,,,,,,,,
Outdoor,High Power,LED Drivers > High Power LED Drivers,"ICE-305 Programmable Series
720W All-in-One Dimmable Outdoor LED Drivers",720 Watts Digital Programing Wireless Series,"Multi Dimming Function with Bluetooth & Zigbee<br>Indoor/Outdoor Applications<br>24-58.8Vout<br>108-305Vac<br>UL, cUL, CE, CB",2,PLD720-SMT-42(Z/B/E),"outdoor Constant Current，programmable, ","0-10V,PWM,Resistor,Clock",720,720,17.2,17.2,up to 17.2A,27,27-42V,"UL,cUL,CE",IP67,https://greenwattpower.com/wp-content/uploads/2020/01/18-ICE-305-Programmable-720.pdf,cable,53.68/55.88/55.88,10000,  86.33 ,5000,  87.22 ,2000,  89.00 ,1000,  93.45 ,500,  97.90 ,  267.00 ,  127.27 ,  117.48 ,  234.96 ,  152.72 ,  140.98 ,Aluminum,280*123*54,Sample Available,jianhuali@fsp-powerland.com,ALP,,,,,,,,,
Outdoor,High Power,LED Drivers > High Power LED Drivers,"ICE-305 Programmable Series
720W All-in-One Dimmable Outdoor LED Drivers",720 Watts Digital Programing Wireless Series,"Multi Dimming Function with Bluetooth & Zigbee<br>Indoor/Outdoor Applications<br>24-58.8Vout<br>108-305Vac<br>UL, cUL, CE, CB",2,PLD720-SMT-48(Z/B/E),"outdoor Constant Current，programmable, ","0-10V,PWM,Resistor,Clock",720,720,15,15,up to 15A,32,32-38V,"UL,cUL,CE",IP67,https://greenwattpower.com/wp-content/uploads/2020/01/18-ICE-305-Programmable-720.pdf,cable,51.47/53.68/53.68,10000,  86.33 ,5000,  87.22 ,2000,  89.00 ,1000,  93.45 ,500,  97.90 ,  267.00 ,  127.27 ,  117.48 ,  234.96 ,  152.72 ,  140.98 ,Aluminum,280*123*54,Sample Available,jianhuali@fsp-powerland.com,ALP,,,,,,,,,
Outdoor,High Power,LED Drivers > High Power LED Drivers,"ICE-305 Programmable Series
720W All-in-One Dimmable Outdoor LED Drivers",720 Watts Digital Programing Wireless Series,"Multi Dimming Function with Bluetooth & Zigbee<br>Indoor/Outdoor Applications<br>24-58.8Vout<br>108-305Vac<br>UL, cUL, CE, CB",2,PLD720-SMT-54(Z/B/E),"outdoor Constant Current，programmable, ","0-10V,PWM,Resistor,Clock",720,720,13.3,13.3,up to 13.3A,36,36-54V,"UL,cUL,CE,CB",IP67,https://greenwattpower.com/wp-content/uploads/2020/01/18-ICE-305-Programmable-720.pdf,cable,51.47/53.68/53.68,10000,  86.33 ,5000,  87.22 ,2000,  89.00 ,1000,  93.45 ,500,  97.90 ,  267.00 ,  127.27 ,  117.48 ,  234.96 ,  152.72 ,  140.98 ,Aluminum,280*123*54,Sample Available,jianhuali@fsp-powerland.com,ALP,,,,,,,,,
Outdoor,High Power,LED Drivers > High Power LED Drivers,"ICE-305 Programmable Series
720W All-in-One Dimmable Outdoor LED Drivers",720 Watts Digital Programing Wireless Series,"Multi Dimming Function with Bluetooth & Zigbee<br>Indoor/Outdoor Applications<br>24-58.8Vout<br>108-305Vac<br>UL, cUL, CE, CB",2,PLD720-SMT-58(Z/B/E),"outdoor Constant Current，programmable, ","0-10V,PWM,Resistor,Clock",720,720,12.2,12.2,up to 12.2A,40,40-58.8V,"UL,cUL,CE",IP67,https://greenwattpower.com/wp-content/uploads/2020/01/18-ICE-305-Programmable-720.pdf,cable,51.47/53.68/53.68,10000,  86.33 ,5000,  87.22 ,2000,  89.00 ,1000,  93.45 ,500,  97.90 ,  267.00 ,  127.27 ,  117.48 ,  234.96 ,  152.72 ,  140.98 ,Aluminum,280*123*54,Sample Available,jianhuali@fsp-powerland.com,ALP,,,,,,,,,
,,,,,,,,,,,,,,,,,,,,,,,,,,,,,,,,,,,,,,,,,,,,,,,,,,,
Outdoor,High Power,LED Drivers > High Power LED Drivers,"ICE-347 Programmable Series
640W All-in-One Dimmable Outdoor LED Drivers",640 Watts 347V input Voltage Digital Programing Wireless Series                                                            ,"Multi Dimming Function with Bluetooth & Zigbee<br>Indoor/Outdoor Applications<br>18-54Vout<br>240-382Vac<br>UL, cUL",2,PLD640-SMT-24-H1(Z/B/E),"outdoor Constant Current，programmable, ","0-10V,PWM,Resistor,Clock",600,600,25,25,up to 25A,18,18-24V,"UL,cUL",IP67,https://greenwattpower.com/wp-content/uploads/2020/01/19-ICE-347-Programmable-640.pdf,cable,50.80/53.00/53.00,10000,  76.63 ,5000,  77.42 ,2000,  79.00 ,1000,  82.95 ,500,  86.90 ,  237.00 ,  112.97 ,  104.28 ,  208.56 ,  135.56 ,  125.14 ,Aluminum,240*123*54,Sample Available,jianhuali@fsp-powerland.com,ALP,,,,,,,,,
Outdoor,High Power,LED Drivers > High Power LED Drivers,"ICE-347 Programmable Series
640W All-in-One Dimmable Outdoor LED Drivers",640 Watts 347V input Voltage Digital Programing Wireless Series                                                            ,"Multi Dimming Function with Bluetooth & Zigbee<br>Indoor/Outdoor Applications<br>18-54Vout<br>240-382Vac<br>UL, cUL",2,PLD640-SMT-36-H1(Z/B/E),"outdoor Constant Current，programmable, ","0-10V,PWM,Resistor,Clock",600,600,16.67,16.67,up to 16.67A,27,27-36V,"UL,cUL",IP67,https://greenwattpower.com/wp-content/uploads/2020/01/19-ICE-347-Programmable-640.pdf,cable,50.80/53.00/53.00,10000,  76.63 ,5000,  77.42 ,2000,  79.00 ,1000,  82.95 ,500,  86.90 ,  237.00 ,  112.97 ,  104.28 ,  208.56 ,  135.56 ,  125.14 ,Aluminum,240*123*54,Sample Available,jianhuali@fsp-powerland.com,ALP,,,,,,,,,
Outdoor,High Power,LED Drivers > High Power LED Drivers,"ICE-347 Programmable Series
640W All-in-One Dimmable Outdoor LED Drivers",640 Watts 347V input Voltage Digital Programing Wireless Series                                                            ,"Multi Dimming Function with Bluetooth & Zigbee<br>Indoor/Outdoor Applications<br>18-54Vout<br>240-382Vac<br>UL, cUL",2,PLD640-SMT-42-H1(Z/B/E),"outdoor Constant Current，programmable, ","0-10V,PWM,Resistor,Clock",600,600,14.28,14.28,up to 14.28A,31,31-42V,"UL,cUL",IP67,https://greenwattpower.com/wp-content/uploads/2020/01/19-ICE-347-Programmable-640.pdf,cable,50.80/53.00/53.00,10000,  76.63 ,5000,  77.42 ,2000,  79.00 ,1000,  82.95 ,500,  86.90 ,  237.00 ,  112.97 ,  104.28 ,  208.56 ,  135.56 ,  125.14 ,Aluminum,240*123*54,Sample Available,jianhuali@fsp-powerland.com,ALP,,,,,,,,,
Outdoor,High Power,LED Drivers > High Power LED Drivers,"ICE-347 Programmable Series
640W All-in-One Dimmable Outdoor LED Drivers",640 Watts 347V input Voltage Digital Programing Wireless Series                                                            ,"Multi Dimming Function with Bluetooth & Zigbee<br>Indoor/Outdoor Applications<br>18-54Vout<br>240-382Vac<br>UL, cUL",2,PLD640-SMT-48-H1(Z/B/E),"outdoor Constant Current，programmable, ","0-10V,PWM,Resistor,Clock",600,600,12.5,12.5,up to 12.5A,36,36-48V,"UL,cUL",IP67,https://greenwattpower.com/wp-content/uploads/2020/01/19-ICE-347-Programmable-640.pdf,cable,50.80/53.00/53.00,10000,  76.63 ,5000,  77.42 ,2000,  79.00 ,1000,  82.95 ,500,  86.90 ,  237.00 ,  112.97 ,  104.28 ,  208.56 ,  135.56 ,  125.14 ,Aluminum,240*123*54,Sample Available,jianhuali@fsp-powerland.com,ALP,,,,,,,,,
Outdoor,High Power,LED Drivers > High Power LED Drivers,"ICE-347 Programmable Series
640W All-in-One Dimmable Outdoor LED Drivers",640 Watts 347V input Voltage Digital Programing Wireless Series                                                            ,"Multi Dimming Function with Bluetooth & Zigbee<br>Indoor/Outdoor Applications<br>18-54Vout<br>240-382Vac<br>UL, cUL",2,PLD640-SMT-54-H1(Z/B/E),"outdoor Constant Current，programmable, ","0-10V,PWM,Resistor,Clock",600,600,11.11,11.11,up to 11.11A,42,42-54V,"UL,cUL",IP67,https://greenwattpower.com/wp-content/uploads/2020/01/19-ICE-347-Programmable-640.pdf,cable,50.80/53.00/53.00,10000,  76.63 ,5000,  77.42 ,2000,  79.00 ,1000,  82.95 ,500,  86.90 ,  237.00 ,  112.97 ,  104.28 ,  208.56 ,  135.56 ,  125.14 ,Aluminum,240*123*54,Sample Available,pengfeimiao@fsp-powerland.com,ICPC,,,,,,,,,
,,,,,,,,,,,,,,,,,,,,,,,,,,,,,,,,,,,,,,,,,,,,,,,,,,,
Outdoor,High Power,LED Drivers > High Power LED Drivers,"ICE-347 Programmable Series
720W All-in-One Dimmable Outdoor LED Drivers",720 Watts 347V input Voltage Digital Programing Wireless Series                                                            ,"Multi Dimming Function with Bluetooth & Zigbee<br>Indoor/Outdoor Applications<br>18-54Vout<br>240-382Vac<br>UL, cUL",2,PLD720-SMT-24-H1(Z/B/E),"outdoor Constant Current，programmable, ","0-10V,PWM,Resistor,Clock",720,720,30,30,up to 30A,18,18-24V,"UL,cUL",IP67,https://greenwattpower.com/wp-content/uploads/2020/01/20-ICE-347-Programmable-720.pdf,cable,52.50/54.71/54.71,10000,  86.33 ,5000,  87.22 ,2000,  89.00 ,1000,  93.45 ,500,  97.90 ,  267.00 ,  127.27 ,  117.48 ,  234.96 ,  152.72 ,  140.98 ,Aluminum,240*123*54,Sample Available,jianhuali@fsp-powerland.com,ALP,,,,,,,,,
Outdoor,High Power,LED Drivers > High Power LED Drivers,"ICE-347 Programmable Series
720W All-in-One Dimmable Outdoor LED Drivers",720 Watts 347V input Voltage Digital Programing Wireless Series                                                            ,"Multi Dimming Function with Bluetooth & Zigbee<br>Indoor/Outdoor Applications<br>18-54Vout<br>240-382Vac<br>UL, cUL",2,PLD720-SMT-36-H1(Z/B/E),"outdoor Constant Current，programmable, ","0-10V,PWM,Resistor,Clock",720,720,20,20,up to 20A,27,27-35V,"UL,cUL",IP67,https://greenwattpower.com/wp-content/uploads/2020/01/20-ICE-347-Programmable-720.pdf,cable,52.50/54.71/54.71,10000,  86.33 ,5000,  87.22 ,2000,  89.00 ,1000,  93.45 ,500,  97.90 ,  267.00 ,  127.27 ,  117.48 ,  234.96 ,  152.72 ,  140.98 ,Aluminum,240*123*54,Sample Available,jianhuali@fsp-powerland.com,ALP,,,,,,,,,
Outdoor,High Power,LED Drivers > High Power LED Drivers,"ICE-347 Programmable Series
720W All-in-One Dimmable Outdoor LED Drivers",720 Watts 347V input Voltage Digital Programing Wireless Series                                                            ,"Multi Dimming Function with Bluetooth & Zigbee<br>Indoor/Outdoor Applications<br>18-54Vout<br>240-382Vac<br>UL, cUL",2,PLD720-SMT-42-H1(Z/B/E),"outdoor Constant Current，programmable, ","0-10V,PWM,Resistor,Clock",720,720,17.14,17.14,up to 17.14A,31,31-42V,"UL,cUL",IP67,https://greenwattpower.com/wp-content/uploads/2020/01/20-ICE-347-Programmable-720.pdf,cable,52.50/54.71/54.71,10000,  86.33 ,5000,  87.22 ,2000,  89.00 ,1000,  93.45 ,500,  97.90 ,  267.00 ,  127.27 ,  117.48 ,  234.96 ,  152.72 ,  140.98 ,Aluminum,240*123*54,Sample Available,jianhuali@fsp-powerland.com,ALP,,,,,,,,,
Outdoor,High Power,LED Drivers > High Power LED Drivers,"ICE-347 Programmable Series
720W All-in-One Dimmable Outdoor LED Drivers",720 Watts 347V input Voltage Digital Programing Wireless Series                                                            ,"Multi Dimming Function with Bluetooth & Zigbee<br>Indoor/Outdoor Applications<br>18-54Vout<br>240-382Vac<br>UL, cUL",2,PLD720-SMT-48-H1(Z/B/E),"outdoor Constant Current，programmable, ","0-10V,PWM,Resistor,Clock",720,720,15,15,up to 15A,36,36-48V,"UL,cUL",IP67,https://greenwattpower.com/wp-content/uploads/2020/01/20-ICE-347-Programmable-720.pdf,cable,52.50/54.71/54.71,10000,  86.33 ,5000,  87.22 ,2000,  89.00 ,1000,  93.45 ,500,  97.90 ,  267.00 ,  127.27 ,  117.48 ,  234.96 ,  152.72 ,  140.98 ,Aluminum,240*123*54,Sample Available,jianhuali@fsp-powerland.com,ALP,,,,,,,,,
Outdoor,High Power,LED Drivers > High Power LED Drivers,"ICE-347 Programmable Series
720W All-in-One Dimmable Outdoor LED Drivers",720 Watts 347V input Voltage Digital Programing Wireless Series                                                            ,"Multi Dimming Function with Bluetooth & Zigbee<br>Indoor/Outdoor Applications<br>18-54Vout<br>240-382Vac<br>UL, cUL",2,PLD720-SMT-54-H1(Z/B/E),"outdoor Constant Current，programmable, ","0-10V,PWM,Resistor,Clock",720,720,13.33,13.33,up to 13.33A,42,42-54V,"UL,cUL",IP67,https://greenwattpower.com/wp-content/uploads/2020/01/20-ICE-347-Programmable-720.pdf,cable,52.50/54.71/54.71,10000,  86.33 ,5000,  87.22 ,2000,  89.00 ,1000,  93.45 ,500,  97.90 ,  267.00 ,  127.27 ,  117.48 ,  234.96 ,  152.72 ,  140.98 ,Aluminum,240*123*54,Sample Available ,pengfeimiao@fsp-powerland.com,ICPC,,,,,,,,,
,,,,,,,,,,,,,,,,,,,,,,,,,,,,,,,,,,,,,,,,,,,,,,,,,,,
Outdoor,High Power,LED Drivers > High Power LED Drivers,"ICE-400 Programmable Series
600W All-in-One Dimmable Outdoor LED Drivers",720 Watts 400V input Voltage Digital Programing Wireless Series                                                            ,Multi Dimming Function with Bluetooth & Zigbee<br>Indoor/Outdoor Applications<br>18-54Vout<br>277-460Vac<br>CE,2,PLD600-SMT-24-H2(Z/B/E),"outdoor Constant Current，programmable, ","0-10V,PWM,Resistor,C+C43lock dimming",600,600,25,25,up to 25A,18,18-24V,CE,IP67,https://greenwattpower.com/wp-content/uploads/2020/01/21-ICE-400-Programmable-600.pdf,cable,54.50/56.71/56.71,10000,  76.63 ,5000,  77.42 ,2000,  79.00 ,1000,  82.95 ,500,  86.90 ,  237.00 ,  112.97 ,  104.28 ,  208.56 ,  135.56 ,  125.14 ,Aluminum,260*123*54,Sample Available in March 2020,pengfeimiao@fsp-powerland.com,ICPC,,,,,,,,,
Outdoor,High Power,LED Drivers > High Power LED Drivers,"ICE-400 Programmable Series
600W All-in-One Dimmable Outdoor LED Drivers",720 Watts 400V input Voltage Digital Programing Wireless Series                                                            ,Multi Dimming Function with Bluetooth & Zigbee<br>Indoor/Outdoor Applications<br>18-54Vout<br>277-460Vac<br>CE,2,PLD600-SMT-36-H2(Z/B/E),"outdoor Constant Current，programmable, ","0-10V,PWM,Resistor,C+C43lock dimming",600,600,16.67,16.67,up to 16.67A,27,27-36V,CE,IP67,https://greenwattpower.com/wp-content/uploads/2020/01/21-ICE-400-Programmable-600.pdf,cable,54.50/56.71/56.71,10000,  76.63 ,5000,  77.42 ,2000,  79.00 ,1000,  82.95 ,500,  86.90 ,  237.00 ,  112.97 ,  104.28 ,  208.56 ,  135.56 ,  125.14 ,Aluminum,260*123*54,Sample Available in March 2020,pengfeimiao@fsp-powerland.com,ICPC,,,,,,,,,
Outdoor,High Power,LED Drivers > High Power LED Drivers,"ICE-400 Programmable Series
600W All-in-One Dimmable Outdoor LED Drivers",720 Watts 400V input Voltage Digital Programing Wireless Series                                                            ,Multi Dimming Function with Bluetooth & Zigbee<br>Indoor/Outdoor Applications<br>18-54Vout<br>277-460Vac<br>CE,2,PLD600-SMT-42-H2(Z/B/E),"outdoor Constant Current，programmable, ","0-10V,PWM,Resistor,C+C43lock dimming",600,600,14.28,14.28,up to 14.28A,31,31-42V,CE,IP67,https://greenwattpower.com/wp-content/uploads/2020/01/21-ICE-400-Programmable-600.pdf,cable,53.00/55.21/55.21,10000,  76.63 ,5000,  77.42 ,2000,  79.00 ,1000,  82.95 ,500,  86.90 ,  237.00 ,  112.97 ,  104.28 ,  208.56 ,  135.56 ,  125.14 ,Aluminum,260*123*54,Sample Available in March 2020,pengfeimiao@fsp-powerland.com,ICPC,,,,,,,,,
Outdoor,High Power,LED Drivers > High Power LED Drivers,"ICE-400 Programmable Series
600W All-in-One Dimmable Outdoor LED Drivers",720 Watts 400V input Voltage Digital Programing Wireless Series                                                            ,Multi Dimming Function with Bluetooth & Zigbee<br>Indoor/Outdoor Applications<br>18-54Vout<br>277-460Vac<br>CE,2,PLD600-SMT-48-H2(Z/B/E),"outdoor Constant Current，programmable, ","0-10V,PWM,Resistor,C+C43lock dimming",600,600,12.5,12.5,up to 12.5A,36,36-48V,CE,IP67,https://greenwattpower.com/wp-content/uploads/2020/01/21-ICE-400-Programmable-600.pdf,cable,53.00/55.21/55.21,10000,  76.63 ,5000,  77.42 ,2000,  79.00 ,1000,  82.95 ,500,  86.90 ,  237.00 ,  112.97 ,  104.28 ,  208.56 ,  135.56 ,  125.14 ,Aluminum,260*123*54,Sample Available in March 2020,pengfeimiao@fsp-powerland.com,ICPC,,,,,,,,,
Outdoor,High Power,LED Drivers > High Power LED Drivers,"ICE-400 Programmable Series
600W All-in-One Dimmable Outdoor LED Drivers",720 Watts 400V input Voltage Digital Programing Wireless Series                                                            ,Multi Dimming Function with Bluetooth & Zigbee<br>Indoor/Outdoor Applications<br>18-54Vout<br>277-460Vac<br>CE,2,PLD600-SMT-54-H2(Z/B/E),"outdoor Constant Current，programmable, ","0-10V,PWM,Resistor,C+C43lock dimming",600,600,11.11,11.11,up to 11.11A,42,42-54V,CE,IP67,https://greenwattpower.com/wp-content/uploads/2020/01/21-ICE-400-Programmable-600.pdf,cable,53.00/55.21/55.21,10000,  76.63 ,5000,  77.42 ,2000,  79.00 ,1000,  82.95 ,500,  86.90 ,  237.00 ,  112.97 ,  104.28 ,  208.56 ,  135.56 ,  125.14 ,Aluminum,260*123*54,Sample Available in March 2020,pengfeimiao@fsp-powerland.com,ICPC,,,,,,,,,
,,,,,,,,,,,,,,,,,,,,,,,,,,,,,,,,,,,,,,,,,,,,,,,,,,,
Outdoor,High Power,LED Drivers > High Power LED Drivers,"ICE-400 Programmable Series
720W All-in-One Dimmable Outdoor LED Drivers",720 Watts 400V input Voltage Digital Programing Wireless Series                                                            ,Multi Dimming Function with Bluetooth & Zigbee<br>Indoor/Outdoor Applications<br>18-54Vout<br>277-460Vac<br>CE,2,PLD720-SMT-24-H2(Z/B/E),"outdoor Constant Current，programmable, ","0-10V,PWM,Resistor,Clock",720,720,30,30,up to 30A,18,18-24V,CE,IP67,https://greenwattpower.com/wp-content/uploads/2020/01/21-ICE-400-Programmable-720.pdf,cable,56.00/58.21/58.21,10000,  86.33 ,5000,  87.22 ,2000,  89.00 ,1000,  93.45 ,500,  97.90 ,  267.00 ,  127.27 ,  117.48 ,  234.96 ,  152.72 ,  140.98 ,Aluminum,260*123*54,Sample Available in March 2020,pengfeimiao@fsp-powerland.com,ICPC,,,,,,,,,
Outdoor,High Power,LED Drivers > High Power LED Drivers,"ICE-400 Programmable Series
720W All-in-One Dimmable Outdoor LED Drivers",720 Watts 400V input Voltage Digital Programing Wireless Series                                                            ,Multi Dimming Function with Bluetooth & Zigbee<br>Indoor/Outdoor Applications<br>18-54Vout<br>277-460Vac<br>CE,2,PLD720-SMT-36-H2(Z/B/E),"outdoor Constant Current，programmable, ","0-10V,PWM,Resistor,Clock",720,720,20,20,up to 20A,27,27-36V,CE,IP67,https://greenwattpower.com/wp-content/uploads/2020/01/21-ICE-400-Programmable-720.pdf,cable,56.00/58.21/58.21,10000,  86.33 ,5000,  87.22 ,2000,  89.00 ,1000,  93.45 ,500,  97.90 ,  267.00 ,  127.27 ,  117.48 ,  234.96 ,  152.72 ,  140.98 ,Aluminum,260*123*54,Sample Available in March 2020,pengfeimiao@fsp-powerland.com,ICPC,,,,,,,,,
Outdoor,High Power,LED Drivers > High Power LED Drivers,"ICE-400 Programmable Series
720W All-in-One Dimmable Outdoor LED Drivers",720 Watts 400V input Voltage Digital Programing Wireless Series                                                            ,Multi Dimming Function with Bluetooth & Zigbee<br>Indoor/Outdoor Applications<br>18-54Vout<br>277-460Vac<br>CE,2,PLD720-SMT-42-H2(Z/B/E),"outdoor Constant Current，programmable, ","0-10V,PWM,Resistor,Clock",720,720,17.14,17.14,up to 17.14A,31,31-42V,CE,IP67,https://greenwattpower.com/wp-content/uploads/2020/01/21-ICE-400-Programmable-720.pdf,cable,55.00/57.21/57.21,10000,  86.33 ,5000,  87.22 ,2000,  89.00 ,1000,  93.45 ,500,  97.90 ,  267.00 ,  127.27 ,  117.48 ,  234.96 ,  152.72 ,  140.98 ,Aluminum,260*123*54,Sample Available in March 2020,pengfeimiao@fsp-powerland.com,ICPC,,,,,,,,,
Outdoor,High Power,LED Drivers > High Power LED Drivers,"ICE-400 Programmable Series
720W All-in-One Dimmable Outdoor LED Drivers",720 Watts 400V input Voltage Digital Programing Wireless Series                                                            ,Multi Dimming Function with Bluetooth & Zigbee<br>Indoor/Outdoor Applications<br>18-54Vout<br>277-460Vac<br>CE,2,PLD720-SMT-48-H2(Z/B/E),"outdoor Constant Current，programmable, ","0-10V,PWM,Resistor,Clock",720,720,15,15,up to 15A,36,36-48V,CE,IP67,https://greenwattpower.com/wp-content/uploads/2020/01/21-ICE-400-Programmable-720.pdf,cable,55.00/57.21/57.21,10000,  86.33 ,5000,  87.22 ,2000,  89.00 ,1000,  93.45 ,500,  97.90 ,  267.00 ,  127.27 ,  117.48 ,  234.96 ,  152.72 ,  140.98 ,Aluminum,260*123*54,Sample Available in March 2020,pengfeimiao@fsp-powerland.com,ICPC,,,,,,,,,
Outdoor,High Power,LED Drivers > High Power LED Drivers,"ICE-400 Programmable Series
720W All-in-One Dimmable Outdoor LED Drivers",720 Watts 400V input Voltage Digital Programing Wireless Series                                                            ,Multi Dimming Function with Bluetooth & Zigbee<br>Indoor/Outdoor Applications<br>18-54Vout<br>277-460Vac<br>CE,2,PLD720-SMT-54-H2(Z/B/E),"outdoor Constant Current，programmable, ","0-10V,PWM,Resistor,Clock",720,720,13.33,13.33,up to 13.33A,42,42-54V,CE,IP67,https://greenwattpower.com/wp-content/uploads/2020/01/21-ICE-400-Programmable-720.pdf,cable,55.00/57.21/57.21,10000,  86.33 ,5000,  87.22 ,2000,  89.00 ,1000,  93.45 ,500,  97.90 ,  267.00 ,  127.27 ,  117.48 ,  234.96 ,  152.72 ,  140.98 ,Aluminum,260*123*54,Sample Available in March 2020,pengfeimiao@fsp-powerland.com,ICPC,,,,,,,,,
,,,,,,,,,,,,,,,,,,,,,,,,,,,,,,,,,,,,,,,,,,,,,,,,,,,
Outdoor,High Power,LED Drivers > High Power LED Drivers,"ICE-600 Programmable Series
600W All-in-One Dimmable Outdoor LED Drivers",600 Watts 600V input Voltage Digital Programing Wireless Series,"Multi Dimming Function with Bluetooth & Zigbee<br>Indoor/Outdoor Applications<br>36-54Vout<br>305-660Vac<br>UL,cUL",2,PLD600-SMT-54-H3(Z/B/E),"600Vac outdoor Constant Current，programmable, ","0-10V,PWM,Resistor,Clock",600,600,11.1,11.1,up to 11.1A,42,42-54V,"UL,cUL",IP67,https://greenwattpower.com/wp-content/uploads/2020/01/22-ICE-600-Programmable-600.pdf,cable,74.00/76.21/76.21,10000,  96.03 ,5000,  97.02 ,2000,  99.00 ,1000,  103.95 ,500,  108.90 ,  297.00 ,  141.57 ,  130.68 ,  261.36 ,  169.88 ,  156.82 ,Aluminum,265*123*54,Sample Available,baoxiangsun@fap-powerland.com,FPS,,,,,,,,,
Outdoor,High Power,LED Drivers > High Power LED Drivers,"ICE-600 Programmable Series
600W All-in-One Dimmable Outdoor LED Drivers",600 Watts 600V input Voltage Digital Programing Wireless Series,"Multi Dimming Function with Bluetooth & Zigbee<br>Indoor/Outdoor Applications<br>36-54Vout<br>305-660Vac<br>UL,cUL",2,PLD600-SMT-48-H3(Z/B/E),"600Vac outdoor Constant Current，programmable, ","0-10V,PWM,Resistor,Clock",600,600,12.5,12.5,up to 12.5A,36,36-48V,"UL,cUL",IP67,https://greenwattpower.com/wp-content/uploads/2020/01/22-ICE-600-Programmable-600.pdf,cable,74.00/76.21/76.21,10000,  96.03 ,5000,  97.02 ,2000,  99.00 ,1000,  103.95 ,500,  108.90 ,  297.00 ,  141.57 ,  130.68 ,  261.36 ,  169.88 ,  156.82 ,Aluminum,265*123*54,Sample Available,baoxiangsun@fap-powerland.com,FPS,,,,,,,,,
,,,,,,,,,"0-10V,PWM,Resistor,Clock",,,,,,,,,,,,,,,,,,,,,,,,,,,,,,,,,,,,,,,,,,
Outdoor,High Power,LED Drivers > High Power LED Drivers,"ICE-600 Programmable Series
720W All-in-One Dimmable Outdoor LED Drivers",720 Watts 600V input Voltage Digital Programing Wireless Series,Multi Dimming Function with Bluetooth & Zigbee<br>Indoor/Outdoor Applications<br>36-54Vout<br>305-580Vac<br>UL,2,PLD720-SMT-54-H3(Z/B/E),"600Vac outdoor Constant Current，programmable, ","0-10V,PWM,Resistor,Clock",720,720,13.3,13.3,up to 13.3A,42,42-54V,UL,IP67,https://greenwattpower.com/wp-content/uploads/2020/01/23-ICE-600-Programmable-720.pdf,cable,86.00/88.21/88.21,10000,  102.82 ,5000,  103.88 ,2000,  106.00 ,1000,  111.30 ,500,  116.60 ,  318.00 ,  151.58 ,  139.92 ,  279.84 ,  181.90 ,  167.90 ,Aluminum,280*123*54,Sample Available,baoxiangsun@fap-powerland.com,FPS,,,,,,,,,
Outdoor,High Power,LED Drivers > High Power LED Drivers,"ICE-600 Programmable Series
720W All-in-One Dimmable Outdoor LED Drivers",720 Watts 600V input Voltage Digital Programing Wireless Series,Multi Dimming Function with Bluetooth & Zigbee<br>Indoor/Outdoor Applications<br>36-54Vout<br>305-580Vac<br>UL,2,PLD720-SMT-48-H3(Z/B/E),"600Vac outdoor Constant Current，programmable, ","0-10V,PWM,Resistor,Clock",720,720,14.9,14.9,up to 14.9A,36,36-48V,UL,IP67,https://greenwattpower.com/wp-content/uploads/2020/01/23-ICE-600-Programmable-720.pdf,cable,86.00/88.21/88.21,10000,  102.82 ,5000,  103.88 ,2000,  106.00 ,1000,  111.30 ,500,  116.60 ,  318.00 ,  151.58 ,  139.92 ,  279.84 ,  181.90 ,  167.90 ,Aluminum,280*123*54,Sample Available,baoxiangsun@fap-powerland.com,FPS,,,,,,,,,
,,,,,,,,,,,,,,,,,,,,,,,,,,,,,,,,,,,,,,,,,,,,,,,,,,,
,,,,,,,,,,,,,,,,,,,,,,,,,,,,,,,,,,,,,,,,,,,,,,,,,,,
,,,,,,,,,,,,,,,,,,,,,,,,,,,,,,,,,,,,,,,,,,,,,,,,,,,
,,,,,,,,,,,,,,,,,,,,,,,,,,,,,,,,,,,,,,,,,,,,,,,,,,,
,,,,,,,,,,,,,,,,,,,,,26.47/28.68/28.68,,,,,,,,,,,,,,,,,,,,,,,,,,,,,,
,,,,,,,,,,,,,,,,,,,,,,,,,,,,,,,,,,,,,,,,,,,,,,,,,,,
,,,,,,,,,,,,,,,,,,,,,,,,,,,,,,,,,,,,,,,,,,,,,,,,,,,
,,,,,,,,,,,,,,,,,,,,,,,,,,,,,,,,,,,,,,,,,,,,,,,,,,,
,,,,,,,,,,,,,,,,,,,,,,,,,,,,,,,,,,,,,,,,,,,,,,,,,,,
,,,,,,,,,,,,,,,,,,,,,,,,,,,,,,,,,,,,,,,,,,,,,,,,,,,
,,,,,,,,,,,,,,,,,,,,,,,,,,,,,,,,,,,,,,,,,,,,,,,,,,,
,,,,,,,,,,,,,,,,,,,,,,,,,,,,,,,,,,,,,,,,,,,,,,,,,,,
,,,,,,,,,,,,,,,,,,,,,,,,,,,,,,,,,,,,,,,,,,,,,,,,,,,
,,,,,,,,,,,,,,,,,,,,,,,,,,,,,,,,,,,,,,,,,,,,,,,,,,,
,,,,,,,,,,,,,,,,,,,,,,,,,,,,,,,,,,,,,,,,,,,,,,,,,,,
,,,,,,,,,,,,,,,,,,,,,,,,,,,,,,,,,,,,,,,,,,,,,,,,,,,
Outdoor,High Power,LED Drivers > High Power LED Drivers,"ICE-600 Programmable Series
720W All-in-One Dimmable Outdoor LED Drivers, Constant Voltage","720 Watts ICE-600 Digital Programming Series, Constant Voltage",Constant Voltage<br>36-54Vout<br>277-460Vac<br>UL,2,PLD720-SMT-48-H3(Z/B/E),"600Vac outdoor Constant Voltage，programmable, ","0-10V,PWM,Resistor,Clock",720,720,14.9,14.9,up to 14.9A,36,36-48V,UL,IP67,https://greenwattpower.com/wp-content/uploads/2020/01/23-ICE-600-Programmable-720.pdf,cable,86.00/88.21/88.21,10000,  102.82 ,5000,  103.88 ,2000,  106.00 ,1000,  111.30 ,500,  116.60 ,  318.00 ,  151.58 ,  139.92 ,  279.84 ,  181.90 ,  167.90 ,Aluminum,280*123*54,Sample Available,baoxiangsun@fap-powerland.com,FPS,,,,,,,,,
,,,,,,,,,,,,,,,,,,,,,,,,,,,,,,,,,,,,,,,,,,,,,,,,,,,
,,,,,,,,,,,,,,,,,,,,,,,,,,,,,,,,,,,,,,,,,,,,,,,,,,,
,High Power,LED Drivers > High Power LED Drivers,680 Watts Single Output Programmable LED Driver,680 Watts Single Output Programmable LED Driver,,,"680ATP48CV(G)
680ATP48CV(G)-H",,"0-10V,PWM",680,680,5.70,5.7-14.2A,5.7-14.2A,25,25-48V,"UL,CE",,,,,,,,,,,,,,,,,,,,,,,,,,,,,,,,,,
,High Power,LED Drivers > High Power LED Drivers,680 Watts Single Output Programmable LED Driver,680 Watts Single Output Programmable LED Driver,,,"680ATP56CV(G)
680ATP56CV(G)-H",,"0-10V,PWM",680,680,5.00,5-12.5A,5-12.5A,28,28-56V,"UL,CE",,,,,,,,,,,,,,,,,,,,,,,,,,,,,,,,,,
,High Power,LED Drivers > High Power LED Drivers,680 Watts Single Output Programmable LED Driver,680 Watts Single Output Programmable LED Driver,,,"680ATP80CV(G)
680ATP80CV(G)-H",,"0-10V,PWM",680,680,3.75,3.75-9.37A,3.75-9.37A,38,38-80V,"UL,CE",,,,,,,,,,,,,,,,,,,,,,,,,,,,,,,,,,
,High Power,LED Drivers > High Power LED Drivers,680 Watts Single Output Programmable LED Driver,680 Watts Single Output Programmable LED Driver,,,"680ATP140CV(G)
680ATP140CV(G)-H",,"0-10V,PWM",680,680,2.14,2.14-5.36A,2.14-5.36A,67,67-140V,"UL,CE",,,,,,,,,,,,,,,,,,,,,,,,,,,,,,,,,,
,High Power,LED Drivers > High Power LED Drivers,680 Watts Single Output Programmable LED Driver,680 Watts Single Output Programmable LED Driver,,,"680ATP180CV(G)
680ATP180CV(G)-H",,"0-10V,PWM",680,680,1.71,1.71-4.28A,1.71-4.28A,84,84-180V,"UL,CE",,,,,,,,,,,,,,,,,,,,,,,,,,,,,,,,,,
,High Power,LED Drivers > High Power LED Drivers,680 Watts Single Output Programmable LED Driver,680 Watts Single Output Programmable LED Driver,,,"680ATP240CV(G)
680ATP240CV(G)-H",,"0-10V,PWM",680,680,1.25,1.25-3.13A,1.25-3.13A,115,115-240V,"UL,CE",,,,,,,,,,,,,,,,,,,,,,,,,,,,,,,,,,
,High Power,LED Drivers > High Power LED Drivers,680 Watts Single Output Programmable LED Driver,680 Watts Single Output Programmable LED Driver,,,"680ATP300CV(G)
680ATP300CV(G)-H",,"0-10V,PWM",680,680,1.00,1.0-2.5A,1.0-2.5A,144,144-300V,"UL,CE",,,,,,,,,,,,,,,,,,,,,,,,,,,,,,,,,,
,High Power,LED Drivers > High Power LED Drivers,680 Watts Single Output Programmable LED Driver,680 Watts Single Output Programmable LED Driver,,,"680ATP375CV(G)
680ATP375CV(G)-H",,"0-10V,PWM",680,680,0.80,0.8-2A,0.8-2A,180,180-375V,"UL,CE",,,,,,,,,,,,,,,,,,,,,,,,,,,,,,,,,,
,High Power,LED Drivers > High Power LED Drivers,680 Watts Single Output Programmable LED Driver,680 Watts Single Output Programmable LED Driver,,,"680ATP460CV(G)
680ATP460CV(G)-H",,"0-10V,PWM",680,680,0.40,0.4-1.6A,0.4-1.6A,225,225-460V,"UL,CE",,,,,,,,,,,,,,,,,,,,,,,,,,,,,,,,,,
,High Power,LED Drivers > High Power LED Drivers,680 Watts Single Output Programmable LED Driver,680 Watts Single Output Programmable LED Driver,,,680AHP48CV(G),,"0-10V,PWM",680,680,5.70,5.7-14.2A,5.7-14.2A,25,25-48V,"UL,CE",,,,,,,,,,,,,,,,,,,,,,,,,,,,,,,,,,
,High Power,LED Drivers > High Power LED Drivers,680 Watts Single Output Programmable LED Driver,680 Watts Single Output Programmable LED Driver,,,680AHP56CV(G),,"0-10V,PWM",680,680,5.00,5-12.5A,5-12.5A,28,28-56V,"UL,CE",,,,,,,,,,,,,,,,,,,,,,,,,,,,,,,,,,
,High Power,LED Drivers > High Power LED Drivers,680 Watts Single Output Programmable LED Driver,680 Watts Single Output Programmable LED Driver,,,680AHP80CV(G),,"0-10V,PWM",680,680,3.75,3.75-9.37A,3.75-9.37A,38,38-80V,"UL,CE",,,,,,,,,,,,,,,,,,,,,,,,,,,,,,,,,,
,High Power,LED Drivers > High Power LED Drivers,680 Watts Single Output Programmable LED Driver,680 Watts Single Output Programmable LED Driver,,,680AHP140CV(G),,"0-10V,PWM",680,680,2.14,2.14-5.36A,2.14-5.36A,67,67-140V,"UL,CE",,,,,,,,,,,,,,,,,,,,,,,,,,,,,,,,,,
,High Power,LED Drivers > High Power LED Drivers,680 Watts Single Output Programmable LED Driver,680 Watts Single Output Programmable LED Driver,,,680AHP180CV(G),,"0-10V,PWM",680,680,1.71,1.71-4.28A,1.71-4.28A,84,84-180V,"UL,CE",,,,,,,,,,,,,,,,,,,,,,,,,,,,,,,,,,
,High Power,LED Drivers > High Power LED Drivers,680 Watts Single Output Programmable LED Driver,680 Watts Single Output Programmable LED Driver,,,680AHP240CV(G),,"0-10V,PWM",680,680,1.25,1.25-3.13A,1.25-3.13A,115,115-240V,"UL,CE",,,,,,,,,,,,,,,,,,,,,,,,,,,,,,,,,,
,High Power,LED Drivers > High Power LED Drivers,680 Watts Single Output Programmable LED Driver,680 Watts Single Output Programmable LED Driver,,,680AHP300CV(G),,"0-10V,PWM",680,680,1.00,1.0-2.5A,1.0-2.5A,144,144-300V,"UL,CE",,,,,,,,,,,,,,,,,,,,,,,,,,,,,,,,,,
,High Power,LED Drivers > High Power LED Drivers,680 Watts Single Output Programmable LED Driver,680 Watts Single Output Programmable LED Driver,,,680AHP375CV(G),,"0-10V,PWM",680,680,0.80,0.8-2A,0.8-2A,180,180-375V,"UL,CE",,,,,,,,,,,,,,,,,,,,,,,,,,,,,,,,,,
,High Power,LED Drivers > High Power LED Drivers,680 Watts Single Output Programmable LED Driver,680 Watts Single Output Programmable LED Driver,,,680AHP460CV(G),,"0-10V,PWM",680,680,0.40,0.4-1.6A,0.4-1.6A,225,225-460V,"UL,CE",,,,,,,,,,,,,,,,,,,,,,,,,,,,,,,,,,